player_id,player_name,player_first_name,player_last_name,player_team,player_team_id,previous_games,previous_average,previous_total,locked,active,played_status,supercoach_price,points,games,minutes_played,total_rebouds,total_assists,total_steals,total_blocks,total_turnovers,supercoach_position_1,supercoach_position_2,injury_suspension_status,injury_suspension_status_text
1,Flynn Cameron,Flynn,Cameron,Adelaide 36ers,3,33,23.3,769,FALSE,TRUE,Yet to play,241700,0,0,0,0,0,0,0,0,GRD,FWD,NA,NA
2,Zylan Cheatham,Zylan,Cheatham,Adelaide 36ers,3,33,32.73,1080,FALSE,TRUE,Yet to play,339500,0,0,0,0,0,0,0,0,FWD,NA,NA,NA
3,Bryce Cotton,Bryce,Cotton,Adelaide 36ers,3,32,45.69,1462,FALSE,TRUE,Yet to play,473900,0,0,0,0,0,0,0,0,GRD,NA,NA,NA
4,Ben Griscti,Ben,Griscti,Adelaide 36ers,3,0,0,0,FALSE,TRUE,Yet to play,69000,0,0,0,0,0,0,0,0,CTR,NA,NA,NA
5,Isaac Humphries,Isaac,Humphries,Adelaide 36ers,3,33,25.58,844,FALSE,TRUE,Yet to play,265300,0,0,0,0,0,0,0,0,CTR,NA,Injury,Knee. Expected recovery time is to be confirmed.
6,John Jenkins,John,Jenkins,Adelaide 36ers,3,9,14.67,132,FALSE,TRUE,Yet to play,152100,0,0,0,0,0,0,0,0,GRD,NA,Injury,Back. Expected recovery time is to be confirmed.
7,Matt Kenyon,Matt,Kenyon,Adelaide 36ers,3,33,5.42,179,FALSE,TRUE,Yet to play,69000,0,0,0,0,0,0,0,0,FWD,GRD,NA,NA
8,Bul Kuol,Bul,Kuol,Adelaide 36ers,3,20,15.05,301,FALSE,TRUE,Yet to play,156100,0,0,0,0,0,0,0,0,GRD,FWD,Injury,ACL. Expected recovery time is to be confirmed.
9,Nick Rakocevic,Nick,Rakocevic,Adelaide 36ers,3,30,18.17,545,FALSE,TRUE,Yet to play,188400,0,0,0,0,0,0,0,0,FWD,CTR,NA,NA
10,Keanu Rasmussen,Keanu,Rasmussen,Adelaide 36ers,3,12,0.83,10,FALSE,TRUE,Yet to play,69000,0,0,0,0,0,0,0,0,GRD,NA,NA,NA
11,Jacob Rigoni,Jacob,Rigoni,Adelaide 36ers,3,0,0,0,FALSE,TRUE,Yet to play,69000,0,0,0,0,0,0,0,0,FWD,NA,NA,NA
12,Harvey White,Harvey,White,Adelaide 36ers,3,0,0,0,FALSE,TRUE,Yet to play,58500,0,0,0,0,0,0,0,0,GRD,NA,NA,NA
13,Isaac White,Isaac,White,Adelaide 36ers,3,33,9.45,312,FALSE,TRUE,Yet to play,98100,0,0,0,0,0,0,0,0,GRD,NA,NA,NA
14,Deonte Williams,Deonte,Williams,Adelaide 36ers,3,0,0,0,FALSE,TRUE,Yet to play,58500,0,0,0,0,0,0,0,0,GRD,NA,NA,NA
15,Rio Bruton,Rio,Bruton,Brisbane Bullets,4,0,0,0,FALSE,TRUE,Yet to play,58500,0,0,0,0,0,0,0,0,GRD,NA,NA,NA
16,Joshua Duach,Joshua,Duach,Brisbane Bullets,4,0,0,0,FALSE,TRUE,Yet to play,58500,0,0,0,0,0,0,0,0,GRD,NA,NA,NA
17,Tyrell Harrison,Tyrell,Harrison,Brisbane Bullets,4,25,32.4,810,FALSE,TRUE,Yet to play,336100,0,0,0,0,0,0,0,0,CTR,NA,NA,NA
18,Nate Hinton,Nate,Hinton,Brisbane Bullets,4,0,0,0,FALSE,TRUE,Yet to play,277000,0,0,0,0,0,0,0,0,GRD,FWD,NA,NA
19,Jacob Holt,Jacob,Holt,Brisbane Bullets,4,22,17,374,FALSE,TRUE,Yet to play,176300,0,0,0,0,0,0,0,0,FWD,CTR,NA,NA
20,Max Mackinnon,Max,Mackinnon,Brisbane Bullets,4,0,0,0,FALSE,TRUE,Yet to play,200000,0,0,0,0,0,0,0,0,GRD,FWD,NA,NA
21,Lat Mayen,Lat,Mayen,Brisbane Bullets,4,28,3.75,105,FALSE,TRUE,Yet to play,69000,0,0,0,0,0,0,0,0,FWD,NA,NA,NA
22,Sam McDaniel,Sam,McDaniel,Brisbane Bullets,4,10,12.3,123,FALSE,TRUE,Yet to play,127600,0,0,0,0,0,0,0,0,GRD,FWD,Injury,Hand. Expected to be available for Round 4.
23,Billy McRae,Billy,McRae,Brisbane Bullets,4,0,0,0,FALSE,TRUE,Yet to play,58500,0,0,0,0,0,0,0,0,FWD,NA,NA,NA
24,Taine Murray,Taine,Murray,Brisbane Bullets,4,28,9.61,269,FALSE,TRUE,Yet to play,99700,0,0,0,0,0,0,0,0,GRD,NA,Injury,Lower Limb. Expected to be available for Round 4-6.
25,Mitchell Norton,Mitchell,Norton,Brisbane Bullets,4,23,15.48,356,FALSE,TRUE,Yet to play,160600,0,0,0,0,0,0,0,0,GRD,NA,NA,NA
26,Harry Rouhliadeff,Harry,Rouhliadeff,Brisbane Bullets,4,0,0,0,FALSE,TRUE,Yet to play,69000,0,0,0,0,0,0,0,0,FWD,NA,NA,NA
27,Arnas Velicka,Arnas,Velicka,Brisbane Bullets,4,0,0,0,FALSE,TRUE,Yet to play,277000,0,0,0,0,0,0,0,0,GRD,NA,NA,NA
28,Jaylin Williams,Jaylin,Williams,Brisbane Bullets,4,0,0,0,FALSE,TRUE,Yet to play,277000,0,0,0,0,0,0,0,0,FWD,NA,NA,NA
29,Archie Woodhill,Archie,Woodhill,Brisbane Bullets,4,15,3,45,FALSE,TRUE,Yet to play,58500,0,0,0,0,0,0,0,0,FWD,NA,NA,NA
30,Jonah Bolden,Jonah,Bolden,Cairns Taipans,8,8,12.88,103,FALSE,TRUE,Yet to play,133600,0,0,0,0,0,0,0,0,CTR,FWD,NA,NA
31,Jaylon Brown,Jaylon,Brown,Cairns Taipans,8,0,0,0,FALSE,TRUE,Yet to play,277000,0,0,0,0,0,0,0,0,GRD,NA,NA,NA
32,Walter Brown,Walter,Brown,Cairns Taipans,8,0,0,0,FALSE,TRUE,Yet to play,69000,0,0,0,0,0,0,0,0,FWD,GRD,NA,NA
33,Shaun Bruce,Shaun,Bruce,Cairns Taipans,8,27,7.37,199,FALSE,TRUE,Yet to play,76500,0,0,0,0,0,0,0,0,GRD,NA,NA,NA
34,Sunday Dech,Sunday,Dech,Cairns Taipans,8,26,6.58,171,FALSE,TRUE,Yet to play,69000,0,0,0,0,0,0,0,0,GRD,FWD,NA,NA
35,Jaylin Galloway,Jaylin,Galloway,Cairns Taipans,8,32,18.94,606,FALSE,TRUE,Yet to play,196400,0,0,0,0,0,0,0,0,GRD,FWD,Injury,Shoulder. Expected recovery time is to be confirmed.
36,Kyrin Galloway,Kyrin,Galloway,Cairns Taipans,8,33,16.97,560,FALSE,TRUE,Yet to play,176000,0,0,0,0,0,0,0,0,FWD,CTR,Injury,Ankle. Expected recovery time is to be confirmed.
37,Malique Lewis,Malique,Lewis,Cairns Taipans,8,25,20.04,501,FALSE,TRUE,Yet to play,207900,0,0,0,0,0,0,0,0,FWD,NA,NA,NA
38,Jack McVeigh,Jack,McVeigh,Cairns Taipans,8,29,33.72,978,FALSE,TRUE,Yet to play,349800,0,0,0,0,0,0,0,0,FWD,NA,NA,NA
39,Lloyd McVeigh,Lloyd,McVeigh,Cairns Taipans,8,10,2.1,21,FALSE,TRUE,Yet to play,58500,0,0,0,0,0,0,0,0,GRD,NA,NA,NA
40,Brody Nunn,Brody,Nunn,Cairns Taipans,8,8,2.38,19,FALSE,TRUE,Yet to play,58500,0,0,0,0,0,0,0,0,GRD,NA,NA,NA
41,Luke Paul,Luke,Paul,Cairns Taipans,8,0,0,0,FALSE,TRUE,Yet to play,115000,0,0,0,0,0,0,0,0,GRD,NA,Injury,Ankle. Expected recovery time is to be confirmed.
42,Keanu Pinder,Keanu,Pinder,Cairns Taipans,8,0,0,0,FALSE,TRUE,Yet to play,300000,0,0,0,0,0,0,0,0,FWD,CTR,NA,NA
43,Reyne Smith,Reyne,Smith,Cairns Taipans,8,14,15.07,211,FALSE,TRUE,Yet to play,156300,0,0,0,0,0,0,0,0,GRD,NA,NA,NA
44,Luca Yates,Luca,Yates,Cairns Taipans,8,13,1.15,15,FALSE,TRUE,Yet to play,58500,0,0,0,0,0,0,0,0,FWD,CTR,NA,NA
45,Kyle Adnam,Kyle,Adnam,Illawarra Hawks,10,18,4.56,82,FALSE,TRUE,Yet to play,69000,0,0,0,0,0,0,0,0,GRD,NA,NA,NA
46,Todd Blanchfield,Todd,Blanchfield,Illawarra Hawks,10,32,11.94,382,FALSE,TRUE,Yet to play,123800,0,0,0,0,0,0,0,0,FWD,NA,NA,NA
47,Darius Days,Darius,Days,Illawarra Hawks,10,0,0,0,FALSE,TRUE,Yet to play,277000,0,0,0,0,0,0,0,0,CTR,FWD,NA,NA
48,Amarco Doyle,Amarco,Doyle,Illawarra Hawks,10,0,0,0,FALSE,TRUE,Yet to play,58500,0,0,0,0,0,0,0,0,FWD,NA,NA,NA
49,Milton Doyle,Milton,Doyle,Illawarra Hawks,10,33,26.48,874,FALSE,TRUE,Yet to play,274700,0,0,0,0,0,0,0,0,GRD,NA,NA,NA
50,Sam Froling,Sam,Froling,Illawarra Hawks,10,15,22,330,FALSE,TRUE,Yet to play,228200,0,0,0,0,0,0,0,0,CTR,FWD,NA,NA
51,Daniel Grida,Daniel,Grida,Illawarra Hawks,10,29,8.9,258,FALSE,TRUE,Yet to play,92300,0,0,0,0,0,0,0,0,FWD,GRD,NA,NA
52,Tyler Harvey,Tyler,Harvey,Illawarra Hawks,10,31,26.19,812,FALSE,TRUE,Yet to play,271700,0,0,0,0,0,0,0,0,GRD,NA,NA,NA
53,William Hickey,William,Hickey,Illawarra Hawks,10,27,31.96,863,FALSE,TRUE,Yet to play,331600,0,0,0,0,0,0,0,0,GRD,NA,NA,NA
54,Fletcher MacDonald,Fletcher,MacDonald,Illawarra Hawks,10,0,0,0,FALSE,TRUE,Yet to play,58500,0,0,0,0,0,0,0,0,FWD,NA,NA,NA
55,Brodie McGregor,Brodie,McGregor,Illawarra Hawks,10,0,0,0,FALSE,TRUE,Yet to play,58500,0,0,0,0,0,0,0,0,FWD,NA,NA,NA
56,Johny Narkle,Johny,Narkle,Illawarra Hawks,10,18,5.56,100,FALSE,TRUE,Yet to play,69000,0,0,0,0,0,0,0,0,FWD,GRD,NA,NA
57,Lamar Patterson,Lamar,Patterson,Illawarra Hawks,10,9,20.33,183,FALSE,TRUE,Yet to play,210900,0,0,0,0,0,0,0,0,GRD,FWD,NA,NA
58,Mason Peatling,Mason,Peatling,Illawarra Hawks,10,33,14.24,470,FALSE,TRUE,Yet to play,147700,0,0,0,0,0,0,0,0,FWD,CTR,NA,NA
59,Wani Swaka Lo Buluk,Wani,Swaka Lo Buluk,Illawarra Hawks,10,33,14,462,FALSE,TRUE,Yet to play,145200,0,0,0,0,0,0,0,0,GRD,FWD,NA,NA
60,Cole Anthony,Cole,Anthony,Melbourne United,1,0,0,0,FALSE,TRUE,Yet to play,300000,0,0,0,0,0,0,0,0,GRD,NA,NA,NA
61,Kyle Bowen,Kyle,Bowen,Melbourne United,1,33,10.67,352,FALSE,TRUE,Yet to play,110600,0,0,0,0,0,0,0,0,FWD,NA,NA,NA
62,Jensen Bradtke,Jensen,Bradtke,Melbourne United,1,13,1.31,17,FALSE,TRUE,Yet to play,58500,0,0,0,0,0,0,0,0,CTR,FWD,NA,NA
63,Christian D'Angelo,Christian,D'Angelo,Melbourne United,1,0,0,0,FALSE,TRUE,Yet to play,58500,0,0,0,0,0,0,0,0,GRD,NA,NA,NA
64,Chris Goulding,Chris,Goulding,Melbourne United,1,28,18.21,510,FALSE,TRUE,Yet to play,188900,0,0,0,0,0,0,0,0,GRD,NA,NA,NA
65,Shea Ili,Shea,Ili,Melbourne United,1,10,16.9,169,FALSE,TRUE,Yet to play,175300,0,0,0,0,0,0,0,0,GRD,NA,Injury,Hamstring. Expected recovery time is to be confirmed.
66,Joe Ingles,Joe,Ingles,Melbourne United,1,0,0,0,FALSE,TRUE,Yet to play,300000,0,0,0,0,0,0,0,0,FWD,GRD,NA,NA
67,Fabijan Krslovic,Fabijan,Krslovic,Melbourne United,1,33,16.61,548,FALSE,TRUE,Yet to play,172300,0,0,0,0,0,0,0,0,CTR,NA,NA,NA
68,Sean Macdonald,Sean,Macdonald,Melbourne United,1,0,0,0,FALSE,TRUE,Yet to play,159500,0,0,0,0,0,0,0,0,GRD,NA,Injury,ACL. Out for season.
69,Malith Machar,Malith,Machar,Melbourne United,1,22,2.32,51,FALSE,TRUE,Yet to play,69000,0,0,0,0,0,0,0,0,GRD,FWD,NA,NA
70,Harry Neilson,Harry,Neilson,Melbourne United,1,0,0,0,FALSE,TRUE,Yet to play,58500,0,0,0,0,0,0,0,0,CTR,NA,NA,NA
71,Josh Oduro,Josh,Oduro,Melbourne United,1,0,0,0,FALSE,TRUE,Yet to play,277000,0,0,0,0,0,0,0,0,FWD,CTR,NA,NA
72,Luke Travers,Luke,Travers,Melbourne United,1,0,0,0,FALSE,TRUE,Yet to play,292900,0,0,0,0,0,0,0,0,GRD,FWD,NA,NA
73,Sam Waardenburg,Sam,Waardenburg,Melbourne United,1,8,26.75,214,FALSE,TRUE,Yet to play,277500,0,0,0,0,0,0,0,0,FWD,CTR,NA,NA
74,Tom Wilson,Tom,Wilson,Melbourne United,1,25,5.16,129,FALSE,TRUE,Yet to play,69000,0,0,0,0,0,0,0,0,GRD,NA,NA,NA
75,Charles Bediako,Charles,Bediako,New Zealand Breakers,7,0,0,0,FALSE,TRUE,Yet to play,277000,0,0,0,0,0,0,0,0,CTR,NA,NA,NA
76,Aubrey Chunga,Aubrey,Chunga,New Zealand Breakers,7,0,0,0,FALSE,TRUE,Yet to play,58500,0,0,0,0,0,0,0,0,GRD,FWD,NA,NA
77,Tukaha Cooper,Tukaha,Cooper,New Zealand Breakers,7,2,4,8,FALSE,TRUE,Yet to play,58500,0,0,0,0,0,0,0,0,GRD,NA,NA,NA
78,Carlin Davison,Carlin,Davison,New Zealand Breakers,7,33,11.73,387,FALSE,TRUE,Yet to play,121600,0,0,0,0,0,0,0,0,FWD,NA,NA,NA
79,Kazlo Evans Jr,Kazlo,Evans Jr,New Zealand Breakers,7,0,0,0,FALSE,TRUE,Yet to play,58500,0,0,0,0,0,0,0,0,GRD,NA,NA,NA
80,Parker Jackson-Cartwright,Parker,Jackson-Cartwright,New Zealand Breakers,7,33,39.06,1289,FALSE,TRUE,Yet to play,405200,0,0,0,0,0,0,0,0,GRD,NA,NA,NA
81,Josiah-Jordan James,Josiah-Jordan,James,New Zealand Breakers,7,0,0,0,FALSE,TRUE,Yet to play,277000,0,0,0,0,0,0,0,0,FWD,NA,Injury,Hamstring. Expected to be available for Round 5-7.
82,Preston Le Gassick,Preston,Le Gassick,New Zealand Breakers,7,0,0,0,FALSE,TRUE,Yet to play,69000,0,0,0,0,0,0,0,0,GRD,NA,NA,NA
83,Izayah Le'Afa,Izayah,Le'Afa,New Zealand Breakers,7,15,10.53,158,FALSE,TRUE,Yet to play,109300,0,0,0,0,0,0,0,0,GRD,NA,NA,NA
84,Sam Mennenga,Sam,Mennenga,New Zealand Breakers,7,27,29.22,789,FALSE,TRUE,Yet to play,303100,0,0,0,0,0,0,0,0,FWD,CTR,NA,NA
85,Kouat Noi,Kouat,Noi,New Zealand Breakers,7,32,17.84,571,FALSE,TRUE,Yet to play,185100,0,0,0,0,0,0,0,0,FWD,NA,NA,NA
86,Anzac Rissetto,Anzac,Rissetto,New Zealand Breakers,7,0,0,0,FALSE,TRUE,Yet to play,69000,0,0,0,0,0,0,0,0,CTR,NA,NA,NA
87,Kael Robinson,Kael,Robinson,New Zealand Breakers,7,0,0,0,FALSE,TRUE,Yet to play,58500,0,0,0,0,0,0,0,0,FWD,NA,NA,NA
88,Reuben Te Rangi,Reuben,Te Rangi,New Zealand Breakers,7,33,9.36,309,FALSE,TRUE,Yet to play,97100,0,0,0,0,0,0,0,0,FWD,NA,NA,NA
89,Dejan Vasiljevic,Dejan,Vasiljevic,New Zealand Breakers,7,33,13.88,458,FALSE,TRUE,Yet to play,144000,0,0,0,0,0,0,0,0,GRD,NA,NA,NA
90,Angus Brandt,Angus,Brandt,Perth Wildcats,5,0,0,0,FALSE,TRUE,Yet to play,100000,0,0,0,0,0,0,0,0,CTR,NA,NA,NA
91,Anthony Dell'Orso,Anthony,Dell'Orso,Perth Wildcats,5,0,0,0,FALSE,TRUE,Yet to play,100000,0,0,0,0,0,0,0,0,GRD,NA,NA,NA
92,Kristian Doolittle,Kristian,Doolittle,Perth Wildcats,5,33,30.61,1010,FALSE,TRUE,Yet to play,317500,0,0,0,0,0,0,0,0,FWD,NA,NA,NA
93,Alex Higgins-Titsha,Alex,Higgins-Titsha,Perth Wildcats,5,9,15.89,143,FALSE,TRUE,Yet to play,164800,0,0,0,0,0,0,0,0,FWD,NA,NA,NA
94,Cameron Huefner,Cameron,Huefner,Perth Wildcats,5,9,1.44,13,FALSE,TRUE,Yet to play,58500,0,0,0,0,0,0,0,0,FWD,NA,NA,NA
95,Tana Kopa,Tana,Kopa,Perth Wildcats,5,0,0,0,FALSE,TRUE,Yet to play,58500,0,0,0,0,0,0,0,0,GRD,NA,NA,NA
96,Jo Lual-Acuil Jr,Jo,Lual-Acuil Jr,Perth Wildcats,5,33,30.67,1012,FALSE,TRUE,Yet to play,318100,0,0,0,0,0,0,0,0,CTR,NA,NA,NA
97,Elijah Pepper,Elijah,Pepper,Perth Wildcats,5,33,19.55,645,FALSE,TRUE,Yet to play,202700,0,0,0,0,0,0,0,0,GRD,NA,NA,NA
98,Jaron Rillie,Jaron,Rillie,Perth Wildcats,5,14,17.07,239,FALSE,TRUE,Yet to play,177100,0,0,0,0,0,0,0,0,GRD,NA,Injury,Lower Leg. Expected recovery time is to be confirmed.
99,Marley Sam,Marley,Sam,Perth Wildcats,5,0,0,0,FALSE,TRUE,Yet to play,58500,0,0,0,0,0,0,0,0,GRD,NA,Injury,Wrist. Expected recovery time is to be confirmed.
100,Jesse Wagstaff,Jesse,Wagstaff,Perth Wildcats,5,31,8.16,253,FALSE,TRUE,Yet to play,84700,0,0,0,0,0,0,0,0,FWD,NA,NA,NA
101,Jimmy Whitt,Jimmy,Whitt,Perth Wildcats,5,0,0,0,FALSE,TRUE,Yet to play,69000,0,0,0,0,0,0,0,0,GRD,NA,NA,NA
102,Dylan Windler,Dylan,Windler,Perth Wildcats,5,29,26.14,758,FALSE,TRUE,Yet to play,271100,0,0,0,0,0,0,0,0,GRD,FWD,NA,NA
103,Akech Aliir,Akech,Aliir,South East Melbourne Phoenix,2,25,12.08,302,FALSE,TRUE,Yet to play,125300,0,0,0,0,0,0,0,0,FWD,CTR,NA,NA
104,Ellis Biggar,Ellis,Biggar,South East Melbourne Phoenix,2,3,1.67,5,FALSE,TRUE,Yet to play,58500,0,0,0,0,0,0,0,0,CTR,FWD,NA,NA
105,Dash Daniels,Dash,Daniels,South East Melbourne Phoenix,2,33,9.55,315,FALSE,TRUE,Yet to play,115000,0,0,0,0,0,0,0,0,GRD,NA,NA,NA
106,Daniel Foster,Daniel,Foster,South East Melbourne Phoenix,2,31,7.29,226,FALSE,TRUE,Yet to play,75600,0,0,0,0,0,0,0,0,GRD,NA,NA,NA
107,Angus Glover,Angus,Glover,South East Melbourne Phoenix,2,31,18.48,573,FALSE,TRUE,Yet to play,191700,0,0,0,0,0,0,0,0,GRD,NA,NA,NA
108,Hunter Goodrick,Hunter,Goodrick,South East Melbourne Phoenix,2,28,5.79,162,FALSE,TRUE,Yet to play,69000,0,0,0,0,0,0,0,0,FWD,CTR,NA,NA
109,Jordan Hunter,Jordan,Hunter,South East Melbourne Phoenix,2,33,21.67,715,FALSE,TRUE,Yet to play,224800,0,0,0,0,0,0,0,0,CTR,NA,NA,NA
110,Tanner Krebs,Tanner,Krebs,South East Melbourne Phoenix,2,33,14.48,478,FALSE,TRUE,Yet to play,150300,0,0,0,0,0,0,0,0,GRD,FWD,NA,NA
111,Skylar Mays,Skylar,Mays,South East Melbourne Phoenix,2,0,0,0,FALSE,TRUE,Yet to play,277000,0,0,0,0,0,0,0,0,GRD,NA,NA,NA
112,Yannis Morin,Yannis,Morin,South East Melbourne Phoenix,2,0,0,0,FALSE,TRUE,Yet to play,277000,0,0,0,0,0,0,0,0,FWD,CTR,NA,NA
113,Patrick Ryan,Patrick,Ryan,South East Melbourne Phoenix,2,12,2.42,29,FALSE,TRUE,Yet to play,58500,0,0,0,0,0,0,0,0,FWD,GRD,NA,NA
114,D'Shawn Schwartz,D'Shawn,Schwartz,South East Melbourne Phoenix,2,0,0,0,FALSE,TRUE,Yet to play,277000,0,0,0,0,0,0,0,0,FWD,NA,NA,NA
115,Nathan Sobey,Nathan,Sobey,South East Melbourne Phoenix,2,32,36.59,1171,FALSE,TRUE,Yet to play,379600,0,0,0,0,0,0,0,0,GRD,NA,Injury,Back. Expected recovery time is to be confirmed.
116,Andrew Carr,Andrew,Carr,Sydney Kings,9,0,0,0,FALSE,TRUE,Yet to play,277000,0,0,0,0,0,0,0,0,FWD,CTR,NA,NA
117,Xavier Cooks,Xavier,Cooks,Sydney Kings,9,29,29.69,861,FALSE,TRUE,Yet to play,308000,0,0,0,0,0,0,0,0,FWD,NA,NA,NA
118,Torrey Craig,Torrey,Craig,Sydney Kings,9,8,28,224,FALSE,TRUE,Yet to play,290400,0,0,0,0,0,0,0,0,FWD,NA,NA,NA
119,Kendric Davis,Kendric,Davis,Sydney Kings,9,33,42.03,1387,FALSE,TRUE,Yet to play,436000,0,0,0,0,0,0,0,0,GRD,NA,NA,NA
120,Matthew Dellavedova,Matthew,Dellavedova,Sydney Kings,9,27,21.33,576,FALSE,TRUE,Yet to play,221300,0,0,0,0,0,0,0,0,GRD,NA,NA,NA
121,Will Johnston,Will,Johnston,Sydney Kings,9,0,0,0,FALSE,TRUE,Yet to play,69000,0,0,0,0,0,0,0,0,GRD,NA,NA,NA
122,Keli Leaupepe,Keli,Leaupepe,Sydney Kings,9,0,0,0,FALSE,TRUE,Yet to play,145200,0,0,0,0,0,0,0,0,FWD,CTR,Injury,ACL. Out for season.
123,Makuach Maluach,Makuach,Maluach,Sydney Kings,9,31,12.97,402,FALSE,TRUE,Yet to play,134500,0,0,0,0,0,0,0,0,GRD,FWD,NA,NA
124,Tyler Robertson,Tyler,Robertson,Sydney Kings,9,27,10.3,278,FALSE,TRUE,Yet to play,106800,0,0,0,0,0,0,0,0,GRD,NA,NA,NA
125,Jason Spurgin,Jason,Spurgin,Sydney Kings,9,0,0,0,FALSE,TRUE,Yet to play,69000,0,0,0,0,0,0,0,0,FWD,CTR,NA,NA
126,Jayden Stone,Jayden,Stone,Sydney Kings,9,0,0,0,FALSE,TRUE,Yet to play,100000,0,0,0,0,0,0,0,0,GRD,NA,NA,NA
127,Harry Wessels,Harry,Wessels,Sydney Kings,9,0,0,0,FALSE,TRUE,Yet to play,100000,0,0,0,0,0,0,0,0,CTR,NA,NA,NA
128,Taran Armstrong,Taran,Armstrong,Tasmania JackJumpers,6,0,0,0,FALSE,TRUE,Yet to play,304700,0,0,0,0,0,0,0,0,GRD,NA,NA,NA
129,Ben Ayre,Ben,Ayre,Tasmania JackJumpers,6,29,11.34,329,FALSE,TRUE,Yet to play,117700,0,0,0,0,0,0,0,0,GRD,NA,Injury,Hip Flexor. Expected to be available for Round 3.
130,Josh Bannan,Josh,Bannan,Tasmania JackJumpers,6,33,30.61,1010,FALSE,TRUE,Yet to play,317500,0,0,0,0,0,0,0,0,FWD,NA,Injury,Ribs. Subject to fitness test.
131,Majok Deng,Majok,Deng,Tasmania JackJumpers,6,28,20.68,579,FALSE,TRUE,Yet to play,214500,0,0,0,0,0,0,0,0,FWD,NA,NA,NA
132,Anthony Drmic,Anthony,Drmic,Tasmania JackJumpers,6,14,9.43,132,FALSE,TRUE,Yet to play,97800,0,0,0,0,0,0,0,0,GRD,FWD,Injury,Back. Subject to fitness test.
133,Ben Gold,Ben,Gold,Tasmania JackJumpers,6,0,0,0,FALSE,TRUE,Yet to play,69000,0,0,0,0,0,0,0,0,FWD,CTR,NA,NA
134,Bryce Hamilton,Bryce,Hamilton,Tasmania JackJumpers,6,27,28.26,763,FALSE,TRUE,Yet to play,293100,0,0,0,0,0,0,0,0,FWD,GRD,Injury,ACL. Expected recovery time is to be confirmed.
135,Ryley Haywood,Ryley,Haywood,Tasmania JackJumpers,6,1,4,4,FALSE,TRUE,Yet to play,58500,0,0,0,0,0,0,0,0,GRD,NA,NA,NA
136,David Johnson,David,Johnson,Tasmania JackJumpers,6,22,22.45,494,FALSE,TRUE,Yet to play,232900,0,0,0,0,0,0,0,0,GRD,FWD,NA,NA
137,Will Magnay,Will,Magnay,Tasmania JackJumpers,6,24,25.96,623,FALSE,TRUE,Yet to play,269300,0,0,0,0,0,0,0,0,CTR,NA,NA,NA
138,Nick Marshall,Nick,Marshall,Tasmania JackJumpers,6,33,19.61,647,FALSE,TRUE,Yet to play,203400,0,0,0,0,0,0,0,0,GRD,FWD,NA,NA
139,Dakota Mathias,Dakota,Mathias,Tasmania JackJumpers,6,8,14,112,FALSE,TRUE,Yet to play,145200,0,0,0,0,0,0,0,0,GRD,NA,NA,NA
140,Jed Richardson,Jed,Richardson,Tasmania JackJumpers,6,3,0.67,2,FALSE,TRUE,Yet to play,58500,0,0,0,0,0,0,0,0,FWD,CTR,NA,NA
141,Nicholas Stoddart,Nicholas,Stoddart,Tasmania JackJumpers,6,21,5.1,107,FALSE,TRUE,Yet to play,69000,0,0,0,0,0,0,0,0,GRD,NA,NA,NA
142,Kelan Martin,Kelan,Martin,Illawarra Hawks,10,NA,NA,NA,FALSE,TRUE,Yet to play,277000,0,0,0,0,0,0,0,0,FWD,NA,NA,NA
143,Kobe Williamson,Kobe,Williamson,Cairns Taipans,8,7,0.86,6,FALSE,TRUE,Yet to play,69000,0,0,0,0,0,0,0,0,CTR,FWD,NA,NA
144,Sam Davidson,Sam,Davidson,South East Melbourne Phoenix,2,0,0,0,FALSE,TRUE,Yet to play,69000,0,0,0,0,0,0,0,0,GRD,NA,NA,NA
145,Lachlan Bofinger,Lachlan,Bofinger,Sydney Kings,9,NA,NA,NA,FALSE,TRUE,Yet to play,69000,0,0,0,0,0,0,0,0,FWD,NA,NA,NA
153,Peitok Machar,Peitok,Machar,Sydney Kings,9,0,0,0,FALSE,TRUE,Yet to play,58500,0,0,0,0,0,0,0,0,FWD,NA,NA,NA
154,Bailey Hanson,Bailey,Hanson,Sydney Kings,9,NA,NA,NA,FALSE,TRUE,Yet to play,58500,0,0,0,0,0,0,0,0,GRD,NA,NA,NA
155,Brandon Knight,Brandon,Knight,Perth Wildcats,5,NA,NA,NA,FALSE,TRUE,Yet to play,277000,0,0,0,0,0,0,0,0,GRD,NA,Injury,Unavailable. Expected recovery time is to be confirmed.
