match,home_team,away_team,market_name,player_name,player_team,line,over_price,agency,event_id,outcome_name,outcome_id,fixed_market_id,opposition_team
Cairns Taipans v Tasmania JackJumpers,Cairns Taipans,Tasmania JackJumpers,Player Assists,Jaylon Brown,Cairns Taipans,2.5,1.14,BetRight,63152363,Jaylon Brown 3+,1,332868687,Tasmania JackJumpers
Cairns Taipans v Tasmania JackJumpers,Cairns Taipans,Tasmania JackJumpers,Player Assists,Jaylon Brown,Cairns Taipans,4.5,1.83,BetRight,63152363,Jaylon Brown 5+,2,332868688,Tasmania JackJumpers
Cairns Taipans v Tasmania JackJumpers,Cairns Taipans,Tasmania JackJumpers,Player Assists,Jaylon Brown,Cairns Taipans,6.5,4,BetRight,63152363,Jaylon Brown 7+,3,332868689,Tasmania JackJumpers
Cairns Taipans v Tasmania JackJumpers,Cairns Taipans,Tasmania JackJumpers,Player Assists,Jack McVeigh,Cairns Taipans,2.5,1.32,BetRight,63152364,Jack McVeigh 3+,1,332868690,Tasmania JackJumpers
Cairns Taipans v Tasmania JackJumpers,Cairns Taipans,Tasmania JackJumpers,Player Assists,Jack McVeigh,Cairns Taipans,4.5,2.63,BetRight,63152364,Jack McVeigh 5+,2,332868691,Tasmania JackJumpers
Cairns Taipans v Tasmania JackJumpers,Cairns Taipans,Tasmania JackJumpers,Player Assists,Taran Armstrong,Tasmania JackJumpers,2.5,1.05,BetRight,63152365,Taran Armstrong 3+,1,332868692,Cairns Taipans
Cairns Taipans v Tasmania JackJumpers,Cairns Taipans,Tasmania JackJumpers,Player Assists,Taran Armstrong,Tasmania JackJumpers,4.5,1.33,BetRight,63152365,Taran Armstrong 5+,2,332868693,Cairns Taipans
Cairns Taipans v Tasmania JackJumpers,Cairns Taipans,Tasmania JackJumpers,Player Assists,Taran Armstrong,Tasmania JackJumpers,6.5,2.25,BetRight,63152365,Taran Armstrong 7+,3,332868694,Cairns Taipans
Cairns Taipans v Tasmania JackJumpers,Cairns Taipans,Tasmania JackJumpers,Player Assists,David Johnson,Tasmania JackJumpers,2.5,2,BetRight,63152366,David Johnson 3+,1,332868695,Cairns Taipans
Cairns Taipans v Tasmania JackJumpers,Cairns Taipans,Tasmania JackJumpers,Player Assists,David Johnson,Tasmania JackJumpers,4.5,6.5,BetRight,63152366,David Johnson 5+,2,332868696,Cairns Taipans
Cairns Taipans v Tasmania JackJumpers,Cairns Taipans,Tasmania JackJumpers,Player Assists,Will Magnay,Tasmania JackJumpers,2.5,2.5,BetRight,63152367,Will Magnay 3+,1,332868697,Cairns Taipans
Cairns Taipans v Tasmania JackJumpers,Cairns Taipans,Tasmania JackJumpers,Player Assists,Will Magnay,Tasmania JackJumpers,4.5,9.5,BetRight,63152367,Will Magnay 5+,2,332868698,Cairns Taipans
Cairns Taipans v Tasmania JackJumpers,Cairns Taipans,Tasmania JackJumpers,Player Assists,Nick Marshall,Tasmania JackJumpers,2.5,1.86,BetRight,63152368,Nick Marshall 3+,1,332868699,Cairns Taipans
Cairns Taipans v Tasmania JackJumpers,Cairns Taipans,Tasmania JackJumpers,Player Assists,Nick Marshall,Tasmania JackJumpers,4.5,5.5,BetRight,63152368,Nick Marshall 5+,2,332868700,Cairns Taipans
Cairns Taipans v Tasmania JackJumpers,Cairns Taipans,Tasmania JackJumpers,Player Assists,Keanu Pinder,Cairns Taipans,2.5,2.3,BetRight,63180263,Keanu Pinder 3+,1,332987730,Tasmania JackJumpers
Cairns Taipans v Tasmania JackJumpers,Cairns Taipans,Tasmania JackJumpers,Player Assists,Keanu Pinder,Cairns Taipans,4.5,8,BetRight,63180263,Keanu Pinder 5+,2,332987731,Tasmania JackJumpers
South East Melbourne Phoenix v Melbourne United,South East Melbourne Phoenix,Melbourne United,Player Assists,Angus Glover,South East Melbourne Phoenix,2.5,2.1,BetRight,63180357,Angus Glover 3+,1,332988090,Melbourne United
South East Melbourne Phoenix v Melbourne United,South East Melbourne Phoenix,Melbourne United,Player Assists,Angus Glover,South East Melbourne Phoenix,4.5,7,BetRight,63180357,Angus Glover 5+,2,332988091,Melbourne United
South East Melbourne Phoenix v Melbourne United,South East Melbourne Phoenix,Melbourne United,Player Assists,Skylar Mays,South East Melbourne Phoenix,2.5,1.08,BetRight,63180358,Skylar Mays 3+,1,332988092,Melbourne United
South East Melbourne Phoenix v Melbourne United,South East Melbourne Phoenix,Melbourne United,Player Assists,Skylar Mays,South East Melbourne Phoenix,4.5,1.48,BetRight,63180358,Skylar Mays 5+,2,332988093,Melbourne United
South East Melbourne Phoenix v Melbourne United,South East Melbourne Phoenix,Melbourne United,Player Assists,Skylar Mays,South East Melbourne Phoenix,6.5,2.63,BetRight,63180358,Skylar Mays 7+,3,332988094,Melbourne United
South East Melbourne Phoenix v Melbourne United,South East Melbourne Phoenix,Melbourne United,Player Assists,Nathan Sobey,South East Melbourne Phoenix,2.5,1.13,BetRight,63180359,Nathan Sobey 3+,1,332988095,Melbourne United
South East Melbourne Phoenix v Melbourne United,South East Melbourne Phoenix,Melbourne United,Player Assists,Nathan Sobey,South East Melbourne Phoenix,4.5,1.75,BetRight,63180359,Nathan Sobey 5+,2,332988096,Melbourne United
South East Melbourne Phoenix v Melbourne United,South East Melbourne Phoenix,Melbourne United,Player Assists,Nathan Sobey,South East Melbourne Phoenix,6.5,3.6,BetRight,63180359,Nathan Sobey 7+,3,332988097,Melbourne United
South East Melbourne Phoenix v Melbourne United,South East Melbourne Phoenix,Melbourne United,Player Assists,Cole Anthony,Melbourne United,2.5,1.18,BetRight,63180360,Cole Anthony 3+,1,332988098,South East Melbourne Phoenix
South East Melbourne Phoenix v Melbourne United,South East Melbourne Phoenix,Melbourne United,Player Assists,Cole Anthony,Melbourne United,4.5,2,BetRight,63180360,Cole Anthony 5+,2,332988099,South East Melbourne Phoenix
South East Melbourne Phoenix v Melbourne United,South East Melbourne Phoenix,Melbourne United,Player Assists,Cole Anthony,Melbourne United,6.5,4.75,BetRight,63180360,Cole Anthony 7+,3,332988100,South East Melbourne Phoenix
South East Melbourne Phoenix v Melbourne United,South East Melbourne Phoenix,Melbourne United,Player Assists,Joe Ingles,Melbourne United,2.5,1.13,BetRight,63180361,Joe Ingles 3+,1,332988101,South East Melbourne Phoenix
South East Melbourne Phoenix v Melbourne United,South East Melbourne Phoenix,Melbourne United,Player Assists,Joe Ingles,Melbourne United,4.5,1.73,BetRight,63180361,Joe Ingles 5+,2,332988102,South East Melbourne Phoenix
South East Melbourne Phoenix v Melbourne United,South East Melbourne Phoenix,Melbourne United,Player Assists,Joe Ingles,Melbourne United,6.5,3.6,BetRight,63180361,Joe Ingles 7+,3,332988103,South East Melbourne Phoenix
South East Melbourne Phoenix v Melbourne United,South East Melbourne Phoenix,Melbourne United,Player Assists,Luke Travers,Melbourne United,2.5,1.4,BetRight,63180362,Luke Travers 3+,1,332988104,South East Melbourne Phoenix
South East Melbourne Phoenix v Melbourne United,South East Melbourne Phoenix,Melbourne United,Player Assists,Luke Travers,Melbourne United,4.5,3,BetRight,63180362,Luke Travers 5+,2,332988105,South East Melbourne Phoenix
South East Melbourne Phoenix v Melbourne United,South East Melbourne Phoenix,Melbourne United,Player Assists,Sam Waardenburg,Melbourne United,2.5,2.63,BetRight,63180363,Sam Waardenburg 3+,1,332988106,South East Melbourne Phoenix
South East Melbourne Phoenix v Melbourne United,South East Melbourne Phoenix,Melbourne United,Player Assists,Sam Waardenburg,Melbourne United,4.5,10,BetRight,63180363,Sam Waardenburg 5+,2,332988107,South East Melbourne Phoenix
Perth Wildcats v Adelaide 36ers,Perth Wildcats,Adelaide 36ers,Player Assists,Kristian Doolittle,Perth Wildcats,2.5,1.13,BetRight,63180429,Kristian Doolittle 3+,1,332988345,Adelaide 36ers
Perth Wildcats v Adelaide 36ers,Perth Wildcats,Adelaide 36ers,Player Assists,Kristian Doolittle,Perth Wildcats,4.5,1.7,BetRight,63180429,Kristian Doolittle 5+,2,332988346,Adelaide 36ers
Perth Wildcats v Adelaide 36ers,Perth Wildcats,Adelaide 36ers,Player Assists,Kristian Doolittle,Perth Wildcats,6.5,3.6,BetRight,63180429,Kristian Doolittle 7+,3,332988347,Adelaide 36ers
Perth Wildcats v Adelaide 36ers,Perth Wildcats,Adelaide 36ers,Player Assists,Elijah Pepper,Perth Wildcats,2.5,1.82,BetRight,63180430,Elijah Pepper 3+,1,332988348,Adelaide 36ers
Perth Wildcats v Adelaide 36ers,Perth Wildcats,Adelaide 36ers,Player Assists,Elijah Pepper,Perth Wildcats,4.5,5.25,BetRight,63180430,Elijah Pepper 5+,2,332988349,Adelaide 36ers
Perth Wildcats v Adelaide 36ers,Perth Wildcats,Adelaide 36ers,Player Assists,Flynn Cameron,Adelaide 36ers,2.5,1.1,BetRight,63180431,Flynn Cameron 3+,1,332988350,Perth Wildcats
Perth Wildcats v Adelaide 36ers,Perth Wildcats,Adelaide 36ers,Player Assists,Flynn Cameron,Adelaide 36ers,4.5,1.6,BetRight,63180431,Flynn Cameron 5+,2,332988351,Perth Wildcats
Perth Wildcats v Adelaide 36ers,Perth Wildcats,Adelaide 36ers,Player Assists,Flynn Cameron,Adelaide 36ers,6.5,3.3,BetRight,63180431,Flynn Cameron 7+,3,332988352,Perth Wildcats
Perth Wildcats v Adelaide 36ers,Perth Wildcats,Adelaide 36ers,Player Assists,Zylan Cheatham,Adelaide 36ers,2.5,1.33,BetRight,63180432,Zylan Cheatham 3+,1,332988353,Perth Wildcats
Perth Wildcats v Adelaide 36ers,Perth Wildcats,Adelaide 36ers,Player Assists,Zylan Cheatham,Adelaide 36ers,4.5,2.75,BetRight,63180432,Zylan Cheatham 5+,2,332988354,Perth Wildcats
Perth Wildcats v Adelaide 36ers,Perth Wildcats,Adelaide 36ers,Player Assists,Bryce Cotton,Adelaide 36ers,4.5,1.15,BetRight,63180433,Bryce Cotton 5+,1,332988355,Perth Wildcats
Perth Wildcats v Adelaide 36ers,Perth Wildcats,Adelaide 36ers,Player Assists,Bryce Cotton,Adelaide 36ers,6.5,1.57,BetRight,63180433,Bryce Cotton 7+,2,332988356,Perth Wildcats
Perth Wildcats v Adelaide 36ers,Perth Wildcats,Adelaide 36ers,Player Assists,Bryce Cotton,Adelaide 36ers,9.5,3.9,BetRight,63180433,Bryce Cotton 10+,3,332988357,Perth Wildcats
Perth Wildcats v Adelaide 36ers,Perth Wildcats,Adelaide 36ers,Player Assists,Bryce Cotton,Adelaide 36ers,11.5,8.5,BetRight,63180433,Bryce Cotton 12+,4,332988358,Perth Wildcats
