match,home_team,away_team,market_name,player_name,player_team,line,over_price,under_price,agency,opposition_team,EventKey,MarketKey,OutcomeKey,OutcomeKey_unders
Cairns Taipans v Tasmania JackJumpers,Cairns Taipans,Tasmania JackJumpers,Player Threes,David Johnson,Tasmania JackJumpers,0.5,1.04,NA,Pointsbet,Cairns Taipans,2898008,115817770,1007,NA
Cairns Taipans v Tasmania JackJumpers,Cairns Taipans,Tasmania JackJumpers,Player Threes,Jack McVeigh,Cairns Taipans,0.5,1.0667,NA,Pointsbet,Tasmania JackJumpers,2898008,115817770,1001,NA
Cairns Taipans v Tasmania JackJumpers,Cairns Taipans,Tasmania JackJumpers,Player Threes,Reyne Smith,Cairns Taipans,0.5,1.08,NA,Pointsbet,Tasmania JackJumpers,2898008,115817770,1003,NA
Cairns Taipans v Tasmania JackJumpers,Cairns Taipans,Tasmania JackJumpers,Player Threes,Dakota Mathias,Tasmania JackJumpers,0.5,1.1,NA,Pointsbet,Cairns Taipans,2898008,115817770,1008,NA
Cairns Taipans v Tasmania JackJumpers,Cairns Taipans,Tasmania JackJumpers,Player Threes,Jaylon Brown,Cairns Taipans,0.5,1.1667,NA,Pointsbet,Tasmania JackJumpers,2898008,115817770,1004,NA
Cairns Taipans v Tasmania JackJumpers,Cairns Taipans,Tasmania JackJumpers,Player Threes,Malique Lewis,Cairns Taipans,0.5,1.2223,NA,Pointsbet,Tasmania JackJumpers,2898008,115817770,1005,NA
Cairns Taipans v Tasmania JackJumpers,Cairns Taipans,Tasmania JackJumpers,Player Threes,Taran Armstrong,Tasmania JackJumpers,0.5,1.2223,NA,Pointsbet,Cairns Taipans,2898008,115817770,1006,NA
Cairns Taipans v Tasmania JackJumpers,Cairns Taipans,Tasmania JackJumpers,Player Threes,Keanu Pinder,Cairns Taipans,0.5,1.4546,NA,Pointsbet,Tasmania JackJumpers,2898008,115817770,1002,NA
Cairns Taipans v Tasmania JackJumpers,Cairns Taipans,Tasmania JackJumpers,Player Threes,David Johnson,Tasmania JackJumpers,1.5,1.2858,NA,Pointsbet,Cairns Taipans,2898008,115817771,1007,NA
Cairns Taipans v Tasmania JackJumpers,Cairns Taipans,Tasmania JackJumpers,Player Threes,Jack McVeigh,Cairns Taipans,1.5,1.4167,NA,Pointsbet,Tasmania JackJumpers,2898008,115817771,1001,NA
Cairns Taipans v Tasmania JackJumpers,Cairns Taipans,Tasmania JackJumpers,Player Threes,Reyne Smith,Cairns Taipans,1.5,1.4546,NA,Pointsbet,Tasmania JackJumpers,2898008,115817771,1003,NA
Cairns Taipans v Tasmania JackJumpers,Cairns Taipans,Tasmania JackJumpers,Player Threes,Dakota Mathias,Tasmania JackJumpers,1.5,1.5,NA,Pointsbet,Cairns Taipans,2898008,115817771,1008,NA
Cairns Taipans v Tasmania JackJumpers,Cairns Taipans,Tasmania JackJumpers,Player Threes,Nick Marshall,Tasmania JackJumpers,1.5,2.95,NA,Pointsbet,Cairns Taipans,2898008,115817771,1009,NA
Cairns Taipans v Tasmania JackJumpers,Cairns Taipans,Tasmania JackJumpers,Player Threes,Jaylon Brown,Cairns Taipans,2.5,3.3,NA,Pointsbet,Tasmania JackJumpers,2898008,115817772,1004,NA
Cairns Taipans v Tasmania JackJumpers,Cairns Taipans,Tasmania JackJumpers,Player Threes,Malique Lewis,Cairns Taipans,2.5,3.9,NA,Pointsbet,Tasmania JackJumpers,2898008,115817772,1005,NA
Cairns Taipans v Tasmania JackJumpers,Cairns Taipans,Tasmania JackJumpers,Player Threes,Taran Armstrong,Tasmania JackJumpers,2.5,3.9,NA,Pointsbet,Cairns Taipans,2898008,115817772,1006,NA
Cairns Taipans v Tasmania JackJumpers,Cairns Taipans,Tasmania JackJumpers,Player Threes,Keanu Pinder,Cairns Taipans,2.5,7,NA,Pointsbet,Tasmania JackJumpers,2898008,115817772,1002,NA
Cairns Taipans v Tasmania JackJumpers,Cairns Taipans,Tasmania JackJumpers,Player Threes,Nick Marshall,Tasmania JackJumpers,2.5,7,NA,Pointsbet,Cairns Taipans,2898008,115817772,1009,NA
Cairns Taipans v Tasmania JackJumpers,Cairns Taipans,Tasmania JackJumpers,Player Threes,David Johnson,Tasmania JackJumpers,3.5,3.1,NA,Pointsbet,Cairns Taipans,2898008,115817773,1007,NA
Cairns Taipans v Tasmania JackJumpers,Cairns Taipans,Tasmania JackJumpers,Player Threes,Jack McVeigh,Cairns Taipans,3.5,4,NA,Pointsbet,Tasmania JackJumpers,2898008,115817773,1001,NA
Cairns Taipans v Tasmania JackJumpers,Cairns Taipans,Tasmania JackJumpers,Player Threes,Reyne Smith,Cairns Taipans,3.5,4.3,NA,Pointsbet,Tasmania JackJumpers,2898008,115817773,1003,NA
Cairns Taipans v Tasmania JackJumpers,Cairns Taipans,Tasmania JackJumpers,Player Threes,Dakota Mathias,Tasmania JackJumpers,3.5,4.6,NA,Pointsbet,Cairns Taipans,2898008,115817773,1008,NA
Cairns Taipans v Tasmania JackJumpers,Cairns Taipans,Tasmania JackJumpers,Player Threes,Jaylon Brown,Cairns Taipans,3.5,7,NA,Pointsbet,Tasmania JackJumpers,2898008,115817773,1004,NA
Cairns Taipans v Tasmania JackJumpers,Cairns Taipans,Tasmania JackJumpers,Player Threes,Malique Lewis,Cairns Taipans,3.5,8.5,NA,Pointsbet,Tasmania JackJumpers,2898008,115817773,1005,NA
Cairns Taipans v Tasmania JackJumpers,Cairns Taipans,Tasmania JackJumpers,Player Threes,Taran Armstrong,Tasmania JackJumpers,3.5,8.5,NA,Pointsbet,Cairns Taipans,2898008,115817773,1006,NA
Cairns Taipans v Tasmania JackJumpers,Cairns Taipans,Tasmania JackJumpers,Player Threes,David Johnson,Tasmania JackJumpers,4.5,5.5,NA,Pointsbet,Cairns Taipans,2898008,115817774,1007,NA
Cairns Taipans v Tasmania JackJumpers,Cairns Taipans,Tasmania JackJumpers,Player Threes,Jack McVeigh,Cairns Taipans,4.5,7.5,NA,Pointsbet,Tasmania JackJumpers,2898008,115817774,1001,NA
Cairns Taipans v Tasmania JackJumpers,Cairns Taipans,Tasmania JackJumpers,Player Threes,Reyne Smith,Cairns Taipans,4.5,8,NA,Pointsbet,Tasmania JackJumpers,2898008,115817774,1003,NA
Cairns Taipans v Tasmania JackJumpers,Cairns Taipans,Tasmania JackJumpers,Player Threes,Dakota Mathias,Tasmania JackJumpers,4.5,8.5,NA,Pointsbet,Cairns Taipans,2898008,115817774,1008,NA
Cairns Taipans v Tasmania JackJumpers,Cairns Taipans,Tasmania JackJumpers,Player Threes,David Johnson,Tasmania JackJumpers,5.5,10,NA,Pointsbet,Cairns Taipans,2898008,115817775,1007,NA
Cairns Taipans v Tasmania JackJumpers,Cairns Taipans,Tasmania JackJumpers,Player Threes,Dakota Mathias,Tasmania JackJumpers,2.5,2.45,1.5,Pointsbet,Cairns Taipans,2898008,115817748,1009,1010
Cairns Taipans v Tasmania JackJumpers,Cairns Taipans,Tasmania JackJumpers,Player Threes,David Johnson,Tasmania JackJumpers,2.5,1.87,1.87,Pointsbet,Cairns Taipans,2898008,115817748,1011,1012
Cairns Taipans v Tasmania JackJumpers,Cairns Taipans,Tasmania JackJumpers,Player Threes,Jack McVeigh,Cairns Taipans,2.5,2.25,1.6,Pointsbet,Tasmania JackJumpers,2898008,115817748,1013,1014
Cairns Taipans v Tasmania JackJumpers,Cairns Taipans,Tasmania JackJumpers,Player Threes,Reyne Smith,Cairns Taipans,2.5,2.35,1.55,Pointsbet,Tasmania JackJumpers,2898008,115817748,1021,1022
Cairns Taipans v Tasmania JackJumpers,Cairns Taipans,Tasmania JackJumpers,Player Threes,Jaylon Brown,Cairns Taipans,1.5,1.8,1.95,Pointsbet,Tasmania JackJumpers,2898008,115817748,1031,1032
Cairns Taipans v Tasmania JackJumpers,Cairns Taipans,Tasmania JackJumpers,Player Threes,Keanu Pinder,Cairns Taipans,1.5,3,1.35,Pointsbet,Tasmania JackJumpers,2898008,115817748,1033,1034
Cairns Taipans v Tasmania JackJumpers,Cairns Taipans,Tasmania JackJumpers,Player Threes,Malique Lewis,Cairns Taipans,1.5,2,1.75,Pointsbet,Tasmania JackJumpers,2898008,115817748,1035,1036
Cairns Taipans v Tasmania JackJumpers,Cairns Taipans,Tasmania JackJumpers,Player Threes,Taran Armstrong,Tasmania JackJumpers,1.5,2,1.75,Pointsbet,Cairns Taipans,2898008,115817748,1041,1042
Cairns Taipans v Tasmania JackJumpers,Cairns Taipans,Tasmania JackJumpers,Player Threes,Nick Marshall,Tasmania JackJumpers,0.5,1.45,2.65,Pointsbet,Cairns Taipans,2898008,115817748,1049,1050
