match,home_team,away_team,market_name,player_name,player_team,line,over_price,under_price,agency,opposition_team,class_external_id,competition_external_id,event_external_id,market_id,player_id,player_id_unders
Cairns Taipans v Tasmania JackJumpers,Cairns Taipans,Tasmania JackJumpers,Player Assists,Taran Armstrong,Tasmania JackJumpers,9.5,7.75,NA,Sportsbet,Cairns Taipans,146,10605,16565510,610185956,2908151947,NA
Cairns Taipans v Tasmania JackJumpers,Cairns Taipans,Tasmania JackJumpers,Player Assists,Taran Armstrong,Tasmania JackJumpers,5.5,1.66,NA,Sportsbet,Cairns Taipans,146,10605,16565510,610185954,2908151923,NA
Cairns Taipans v Tasmania JackJumpers,Cairns Taipans,Tasmania JackJumpers,Player Assists,Jaylon Brown,Cairns Taipans,5.5,2.7,NA,Sportsbet,Tasmania JackJumpers,146,10605,16565510,610185954,2908151914,NA
Cairns Taipans v Tasmania JackJumpers,Cairns Taipans,Tasmania JackJumpers,Player Assists,Jack McVeigh,Cairns Taipans,5.5,4.9,NA,Sportsbet,Tasmania JackJumpers,146,10605,16565510,610185954,2908151913,NA
Cairns Taipans v Tasmania JackJumpers,Cairns Taipans,Tasmania JackJumpers,Player Assists,Taran Armstrong,Tasmania JackJumpers,7.5,3.25,NA,Sportsbet,Cairns Taipans,146,10605,16565510,610185955,2908151935,NA
Cairns Taipans v Tasmania JackJumpers,Cairns Taipans,Tasmania JackJumpers,Player Assists,Jaylon Brown,Cairns Taipans,7.5,7.5,NA,Sportsbet,Tasmania JackJumpers,146,10605,16565510,610185955,2908151926,NA
Cairns Taipans v Tasmania JackJumpers,Cairns Taipans,Tasmania JackJumpers,Player Assists,Taran Armstrong,Tasmania JackJumpers,3.5,1.1,NA,Sportsbet,Cairns Taipans,146,10605,16565510,610185953,2908151911,NA
Cairns Taipans v Tasmania JackJumpers,Cairns Taipans,Tasmania JackJumpers,Player Assists,David Johnson,Tasmania JackJumpers,3.5,3.5,NA,Sportsbet,Cairns Taipans,146,10605,16565510,610185953,2908151908,NA
Cairns Taipans v Tasmania JackJumpers,Cairns Taipans,Tasmania JackJumpers,Player Assists,Nick Marshall,Tasmania JackJumpers,3.5,3.1,NA,Sportsbet,Cairns Taipans,146,10605,16565510,610185953,2908151910,NA
Cairns Taipans v Tasmania JackJumpers,Cairns Taipans,Tasmania JackJumpers,Player Assists,Jack McVeigh,Cairns Taipans,3.5,1.84,NA,Sportsbet,Tasmania JackJumpers,146,10605,16565510,610185953,2908151901,NA
Cairns Taipans v Tasmania JackJumpers,Cairns Taipans,Tasmania JackJumpers,Player Assists,Jaylon Brown,Cairns Taipans,3.5,1.35,NA,Sportsbet,Tasmania JackJumpers,146,10605,16565510,610185953,2908151902,NA
Cairns Taipans v Tasmania JackJumpers,Cairns Taipans,Tasmania JackJumpers,Player Assists,Dakota Mathias,Tasmania JackJumpers,1.5,1.78,NA,Sportsbet,Cairns Taipans,146,10605,16565510,610185952,2908151895,NA
Cairns Taipans v Tasmania JackJumpers,Cairns Taipans,Tasmania JackJumpers,Player Assists,David Johnson,Tasmania JackJumpers,1.5,1.29,NA,Sportsbet,Cairns Taipans,146,10605,16565510,610185952,2908151896,NA
Cairns Taipans v Tasmania JackJumpers,Cairns Taipans,Tasmania JackJumpers,Player Assists,Nick Marshall,Tasmania JackJumpers,1.5,1.27,NA,Sportsbet,Cairns Taipans,146,10605,16565510,610185952,2908151898,NA
Cairns Taipans v Tasmania JackJumpers,Cairns Taipans,Tasmania JackJumpers,Player Assists,Will Magnay,Tasmania JackJumpers,1.5,1.53,NA,Sportsbet,Cairns Taipans,146,10605,16565510,610185952,2908151900,NA
Cairns Taipans v Tasmania JackJumpers,Cairns Taipans,Tasmania JackJumpers,Player Assists,Jack McVeigh,Cairns Taipans,1.5,1.07,NA,Sportsbet,Tasmania JackJumpers,146,10605,16565510,610185952,2908151889,NA
Cairns Taipans v Tasmania JackJumpers,Cairns Taipans,Tasmania JackJumpers,Player Assists,Keanu Pinder,Cairns Taipans,1.5,1.53,NA,Sportsbet,Tasmania JackJumpers,146,10605,16565510,610185952,2908151891,NA
Cairns Taipans v Tasmania JackJumpers,Cairns Taipans,Tasmania JackJumpers,Player Assists,Malique Lewis,Cairns Taipans,1.5,1.49,NA,Sportsbet,Tasmania JackJumpers,146,10605,16565510,610185952,2908151893,NA
Cairns Taipans v Tasmania JackJumpers,Cairns Taipans,Tasmania JackJumpers,Player Assists,Reyne Smith,Cairns Taipans,1.5,1.67,NA,Sportsbet,Tasmania JackJumpers,146,10605,16565510,610185952,2908151894,NA
Cairns Taipans v Tasmania JackJumpers,Cairns Taipans,Tasmania JackJumpers,Player Assists,Kyrin Galloway,Cairns Taipans,1.5,2.85,NA,Sportsbet,Tasmania JackJumpers,146,10605,16565510,610185952,2908151892,NA
South East Melbourne Phoenix v Melbourne United,South East Melbourne Phoenix,Melbourne United,Player Assists,Cole Anthony,Melbourne United,3.5,1.48,NA,Sportsbet,South East Melbourne Phoenix,146,10605,16565573,610187981,2908159579,NA
South East Melbourne Phoenix v Melbourne United,South East Melbourne Phoenix,Melbourne United,Player Assists,Joe Ingles,Melbourne United,3.5,1.44,NA,Sportsbet,South East Melbourne Phoenix,146,10605,16565573,610187981,2908159580,NA
South East Melbourne Phoenix v Melbourne United,South East Melbourne Phoenix,Melbourne United,Player Assists,Luke Travers,Melbourne United,3.5,2.05,NA,Sportsbet,South East Melbourne Phoenix,146,10605,16565573,610187981,2908159582,NA
South East Melbourne Phoenix v Melbourne United,South East Melbourne Phoenix,Melbourne United,Player Assists,Nathan Sobey,South East Melbourne Phoenix,3.5,1.45,NA,Sportsbet,Melbourne United,146,10605,16565573,610187981,2908159574,NA
South East Melbourne Phoenix v Melbourne United,South East Melbourne Phoenix,Melbourne United,Player Assists,Skylar Mays,South East Melbourne Phoenix,3.5,1.19,NA,Sportsbet,Melbourne United,146,10605,16565573,610187981,2908159575,NA
South East Melbourne Phoenix v Melbourne United,South East Melbourne Phoenix,Melbourne United,Player Assists,Angus Glover,South East Melbourne Phoenix,3.5,4,NA,Sportsbet,Melbourne United,146,10605,16565573,610187981,2908159577,NA
South East Melbourne Phoenix v Melbourne United,South East Melbourne Phoenix,Melbourne United,Player Assists,Chris Goulding,Melbourne United,1.5,1.88,NA,Sportsbet,South East Melbourne Phoenix,146,10605,16565573,610187980,2908159566,NA
South East Melbourne Phoenix v Melbourne United,South East Melbourne Phoenix,Melbourne United,Player Assists,Cole Anthony,Melbourne United,1.5,1.03,NA,Sportsbet,South East Melbourne Phoenix,146,10605,16565573,610187980,2908159567,NA
South East Melbourne Phoenix v Melbourne United,South East Melbourne Phoenix,Melbourne United,Player Assists,Joe Ingles,Melbourne United,1.5,1.03,NA,Sportsbet,South East Melbourne Phoenix,146,10605,16565573,610187980,2908159568,NA
South East Melbourne Phoenix v Melbourne United,South East Melbourne Phoenix,Melbourne United,Player Assists,Luke Travers,Melbourne United,1.5,1.1,NA,Sportsbet,South East Melbourne Phoenix,146,10605,16565573,610187980,2908159570,NA
South East Melbourne Phoenix v Melbourne United,South East Melbourne Phoenix,Melbourne United,Player Assists,Sam Waardenburg,Melbourne United,1.5,1.61,NA,Sportsbet,South East Melbourne Phoenix,146,10605,16565573,610187980,2908159571,NA
South East Melbourne Phoenix v Melbourne United,South East Melbourne Phoenix,Melbourne United,Player Assists,Josh Oduro,Melbourne United,1.5,2.15,NA,Sportsbet,South East Melbourne Phoenix,146,10605,16565573,610187980,2908159569,NA
South East Melbourne Phoenix v Melbourne United,South East Melbourne Phoenix,Melbourne United,Player Assists,Angus Glover,South East Melbourne Phoenix,1.5,1.4,NA,Sportsbet,Melbourne United,146,10605,16565573,610187980,2908159565,NA
South East Melbourne Phoenix v Melbourne United,South East Melbourne Phoenix,Melbourne United,Player Assists,D'Shawn Schwartz,South East Melbourne Phoenix,1.5,1.88,NA,Sportsbet,Melbourne United,146,10605,16565573,610187980,2908159560,NA
South East Melbourne Phoenix v Melbourne United,South East Melbourne Phoenix,Melbourne United,Player Assists,Nathan Sobey,South East Melbourne Phoenix,1.5,1.03,NA,Sportsbet,Melbourne United,146,10605,16565573,610187980,2908159562,NA
South East Melbourne Phoenix v Melbourne United,South East Melbourne Phoenix,Melbourne United,Player Assists,Tanner Krebs,South East Melbourne Phoenix,1.5,1.87,NA,Sportsbet,Melbourne United,146,10605,16565573,610187980,2908159564,NA
South East Melbourne Phoenix v Melbourne United,South East Melbourne Phoenix,Melbourne United,Player Assists,Jordan Hunter,South East Melbourne Phoenix,1.5,2.9,NA,Sportsbet,Melbourne United,146,10605,16565573,610187980,2908159561,NA
South East Melbourne Phoenix v Melbourne United,South East Melbourne Phoenix,Melbourne United,Player Assists,Joe Ingles,Melbourne United,7.5,7.75,NA,Sportsbet,South East Melbourne Phoenix,146,10605,16565573,610187983,2908159604,NA
South East Melbourne Phoenix v Melbourne United,South East Melbourne Phoenix,Melbourne United,Player Assists,Skylar Mays,South East Melbourne Phoenix,7.5,4.75,NA,Sportsbet,Melbourne United,146,10605,16565573,610187983,2908159599,NA
South East Melbourne Phoenix v Melbourne United,South East Melbourne Phoenix,Melbourne United,Player Assists,Nathan Sobey,South East Melbourne Phoenix,7.5,8.75,NA,Sportsbet,Melbourne United,146,10605,16565573,610187983,2908159598,NA
South East Melbourne Phoenix v Melbourne United,South East Melbourne Phoenix,Melbourne United,Player Assists,Joe Ingles,Melbourne United,5.5,2.9,NA,Sportsbet,South East Melbourne Phoenix,146,10605,16565573,610187982,2908159592,NA
South East Melbourne Phoenix v Melbourne United,South East Melbourne Phoenix,Melbourne United,Player Assists,Cole Anthony,Melbourne United,5.5,3.35,NA,Sportsbet,South East Melbourne Phoenix,146,10605,16565573,610187982,2908159591,NA
South East Melbourne Phoenix v Melbourne United,South East Melbourne Phoenix,Melbourne United,Player Assists,Luke Travers,Melbourne United,5.5,5.9,NA,Sportsbet,South East Melbourne Phoenix,146,10605,16565573,610187982,2908159594,NA
South East Melbourne Phoenix v Melbourne United,South East Melbourne Phoenix,Melbourne United,Player Assists,Skylar Mays,South East Melbourne Phoenix,5.5,2,NA,Sportsbet,Melbourne United,146,10605,16565573,610187982,2908159587,NA
South East Melbourne Phoenix v Melbourne United,South East Melbourne Phoenix,Melbourne United,Player Assists,Nathan Sobey,South East Melbourne Phoenix,5.5,3.05,NA,Sportsbet,Melbourne United,146,10605,16565573,610187982,2908159586,NA
Perth Wildcats v Adelaide 36ers,Perth Wildcats,Adelaide 36ers,Player Assists,Bryce Cotton,Adelaide 36ers,7.5,2.05,NA,Sportsbet,Perth Wildcats,146,10605,16558269,609938527,2906930083,NA
Perth Wildcats v Adelaide 36ers,Perth Wildcats,Adelaide 36ers,Player Assists,Kristian Doolittle,Perth Wildcats,7.5,6.75,NA,Sportsbet,Adelaide 36ers,146,10605,16558269,609938527,2906930081,NA
Perth Wildcats v Adelaide 36ers,Perth Wildcats,Adelaide 36ers,Player Assists,Bryce Cotton,Adelaide 36ers,9.5,3.9,NA,Sportsbet,Perth Wildcats,146,10605,16558269,609938528,2906930094,NA
Perth Wildcats v Adelaide 36ers,Perth Wildcats,Adelaide 36ers,Player Assists,Isaac White,Adelaide 36ers,1.5,1.78,NA,Sportsbet,Perth Wildcats,146,10605,16558269,609938524,2906930054,NA
Perth Wildcats v Adelaide 36ers,Perth Wildcats,Adelaide 36ers,Player Assists,Zylan Cheatham,Adelaide 36ers,1.5,1.08,NA,Sportsbet,Perth Wildcats,146,10605,16558269,609938524,2906930052,NA
Perth Wildcats v Adelaide 36ers,Perth Wildcats,Adelaide 36ers,Player Assists,Matt Kenyon,Adelaide 36ers,1.5,2.9,NA,Sportsbet,Perth Wildcats,146,10605,16558269,609938524,2906930055,NA
Perth Wildcats v Adelaide 36ers,Perth Wildcats,Adelaide 36ers,Player Assists,Nick Rakocevic,Adelaide 36ers,1.5,2.8,NA,Sportsbet,Perth Wildcats,146,10605,16558269,609938524,2906930051,NA
Perth Wildcats v Adelaide 36ers,Perth Wildcats,Adelaide 36ers,Player Assists,Anthony Dell'Orso,Perth Wildcats,1.5,1.87,NA,Sportsbet,Adelaide 36ers,146,10605,16558269,609938524,2906930046,NA
Perth Wildcats v Adelaide 36ers,Perth Wildcats,Adelaide 36ers,Player Assists,Dylan Windler,Perth Wildcats,1.5,1.54,NA,Sportsbet,Adelaide 36ers,146,10605,16558269,609938524,2906930045,NA
Perth Wildcats v Adelaide 36ers,Perth Wildcats,Adelaide 36ers,Player Assists,Elijah Pepper,Perth Wildcats,1.5,1.27,NA,Sportsbet,Adelaide 36ers,146,10605,16558269,609938524,2906930047,NA
Perth Wildcats v Adelaide 36ers,Perth Wildcats,Adelaide 36ers,Player Assists,Jo Lual-Acuil Jr,Perth Wildcats,1.5,1.98,NA,Sportsbet,Adelaide 36ers,146,10605,16558269,609938524,2906930049,NA
Perth Wildcats v Adelaide 36ers,Perth Wildcats,Adelaide 36ers,Player Assists,Bryce Cotton,Adelaide 36ers,3.5,1.03,NA,Sportsbet,Perth Wildcats,146,10605,16558269,609938525,2906930061,NA
Perth Wildcats v Adelaide 36ers,Perth Wildcats,Adelaide 36ers,Player Assists,Zylan Cheatham,Adelaide 36ers,3.5,1.92,NA,Sportsbet,Perth Wildcats,146,10605,16558269,609938525,2906930063,NA
Perth Wildcats v Adelaide 36ers,Perth Wildcats,Adelaide 36ers,Player Assists,Kristian Doolittle,Perth Wildcats,3.5,1.31,NA,Sportsbet,Adelaide 36ers,146,10605,16558269,609938525,2906930059,NA
Perth Wildcats v Adelaide 36ers,Perth Wildcats,Adelaide 36ers,Player Assists,Elijah Pepper,Perth Wildcats,3.5,3.25,NA,Sportsbet,Adelaide 36ers,146,10605,16558269,609938525,2906930058,NA
Perth Wildcats v Adelaide 36ers,Perth Wildcats,Adelaide 36ers,Player Assists,Bryce Cotton,Adelaide 36ers,11.5,10,NA,Sportsbet,Perth Wildcats,146,10605,16558269,609938529,2906930105,NA
Perth Wildcats v Adelaide 36ers,Perth Wildcats,Adelaide 36ers,Player Assists,Bryce Cotton,Adelaide 36ers,5.5,1.27,NA,Sportsbet,Perth Wildcats,146,10605,16558269,609938526,2906930072,NA
Perth Wildcats v Adelaide 36ers,Perth Wildcats,Adelaide 36ers,Player Assists,Zylan Cheatham,Adelaide 36ers,5.5,5.6,NA,Sportsbet,Perth Wildcats,146,10605,16558269,609938526,2906930074,NA
Perth Wildcats v Adelaide 36ers,Perth Wildcats,Adelaide 36ers,Player Assists,Kristian Doolittle,Perth Wildcats,5.5,2.5,NA,Sportsbet,Adelaide 36ers,146,10605,16558269,609938526,2906930070,NA
Brisbane Bullets v Illawarra Hawks,Brisbane Bullets,Illawarra Hawks,Player Assists,William Hickey,Illawarra Hawks,7.5,3.6,NA,Sportsbet,Brisbane Bullets,146,10605,16565819,610472485,2909398650,NA
Brisbane Bullets v Illawarra Hawks,Brisbane Bullets,Illawarra Hawks,Player Assists,Arnas Velicka,Brisbane Bullets,7.5,1.16,NA,Sportsbet,Illawarra Hawks,146,10605,16565819,610472485,2909398640,NA
Brisbane Bullets v Illawarra Hawks,Brisbane Bullets,Illawarra Hawks,Player Assists,Milton Doyle,Illawarra Hawks,1.5,1.06,NA,Sportsbet,Brisbane Bullets,146,10605,16565819,610472482,2909398613,NA
Brisbane Bullets v Illawarra Hawks,Brisbane Bullets,Illawarra Hawks,Player Assists,Sam Froling,Illawarra Hawks,1.5,1.62,NA,Sportsbet,Brisbane Bullets,146,10605,16565819,610472482,2909398614,NA
Brisbane Bullets v Illawarra Hawks,Brisbane Bullets,Illawarra Hawks,Player Assists,Tyler Harvey,Illawarra Hawks,1.5,1.16,NA,Sportsbet,Brisbane Bullets,146,10605,16565819,610472482,2909398615,NA
Brisbane Bullets v Illawarra Hawks,Brisbane Bullets,Illawarra Hawks,Player Assists,Kelan Martin,Illawarra Hawks,1.5,2.35,NA,Sportsbet,Brisbane Bullets,146,10605,16565819,610472482,2909398612,NA
Brisbane Bullets v Illawarra Hawks,Brisbane Bullets,Illawarra Hawks,Player Assists,Wani Swaka Lo Buluk,Illawarra Hawks,1.5,2.9,NA,Sportsbet,Brisbane Bullets,146,10605,16565819,610472482,2909398616,NA
Brisbane Bullets v Illawarra Hawks,Brisbane Bullets,Illawarra Hawks,Player Assists,Jaylin Williams,Brisbane Bullets,1.5,1.44,NA,Sportsbet,Illawarra Hawks,146,10605,16565819,610472482,2909398608,NA
Brisbane Bullets v Illawarra Hawks,Brisbane Bullets,Illawarra Hawks,Player Assists,Max Mackinnon,Brisbane Bullets,1.5,1.38,NA,Sportsbet,Illawarra Hawks,146,10605,16565819,610472482,2909398609,NA
Brisbane Bullets v Illawarra Hawks,Brisbane Bullets,Illawarra Hawks,Player Assists,Nate Hinton,Brisbane Bullets,1.5,1.16,NA,Sportsbet,Illawarra Hawks,146,10605,16565819,610472482,2909398610,NA
Brisbane Bullets v Illawarra Hawks,Brisbane Bullets,Illawarra Hawks,Player Assists,Tyrell Harrison,Brisbane Bullets,1.5,1.86,NA,Sportsbet,Illawarra Hawks,146,10605,16565819,610472482,2909398611,NA
Brisbane Bullets v Illawarra Hawks,Brisbane Bullets,Illawarra Hawks,Player Assists,William Hickey,Illawarra Hawks,9.5,8.5,NA,Sportsbet,Brisbane Bullets,146,10605,16565819,610472486,2909398661,NA
Brisbane Bullets v Illawarra Hawks,Brisbane Bullets,Illawarra Hawks,Player Assists,Arnas Velicka,Brisbane Bullets,9.5,1.5,NA,Sportsbet,Illawarra Hawks,146,10605,16565819,610472486,2909398651,NA
Brisbane Bullets v Illawarra Hawks,Brisbane Bullets,Illawarra Hawks,Player Assists,Milton Doyle,Illawarra Hawks,3.5,1.68,NA,Sportsbet,Brisbane Bullets,146,10605,16565819,610472483,2909398624,NA
Brisbane Bullets v Illawarra Hawks,Brisbane Bullets,Illawarra Hawks,Player Assists,William Hickey,Illawarra Hawks,3.5,1.13,NA,Sportsbet,Brisbane Bullets,146,10605,16565819,610472483,2909398628,NA
Brisbane Bullets v Illawarra Hawks,Brisbane Bullets,Illawarra Hawks,Player Assists,Tyler Harvey,Illawarra Hawks,3.5,2.5,NA,Sportsbet,Brisbane Bullets,146,10605,16565819,610472483,2909398626,NA
Brisbane Bullets v Illawarra Hawks,Brisbane Bullets,Illawarra Hawks,Player Assists,Nate Hinton,Brisbane Bullets,3.5,2.45,NA,Sportsbet,Illawarra Hawks,146,10605,16565819,610472483,2909398621,NA
Brisbane Bullets v Illawarra Hawks,Brisbane Bullets,Illawarra Hawks,Player Assists,Jaylin Williams,Brisbane Bullets,3.5,4.5,NA,Sportsbet,Illawarra Hawks,146,10605,16565819,610472483,2909398619,NA
Brisbane Bullets v Illawarra Hawks,Brisbane Bullets,Illawarra Hawks,Player Assists,Max Mackinnon,Brisbane Bullets,3.5,4,NA,Sportsbet,Illawarra Hawks,146,10605,16565819,610472483,2909398620,NA
Brisbane Bullets v Illawarra Hawks,Brisbane Bullets,Illawarra Hawks,Player Assists,Arnas Velicka,Brisbane Bullets,11.5,2.4,NA,Sportsbet,Illawarra Hawks,146,10605,16565819,610472487,2909398662,NA
Brisbane Bullets v Illawarra Hawks,Brisbane Bullets,Illawarra Hawks,Player Assists,William Hickey,Illawarra Hawks,5.5,1.75,NA,Sportsbet,Brisbane Bullets,146,10605,16565819,610472484,2909398639,NA
Brisbane Bullets v Illawarra Hawks,Brisbane Bullets,Illawarra Hawks,Player Assists,Milton Doyle,Illawarra Hawks,5.5,4.1,NA,Sportsbet,Brisbane Bullets,146,10605,16565819,610472484,2909398635,NA
Brisbane Bullets v Illawarra Hawks,Brisbane Bullets,Illawarra Hawks,Player Assists,Tyler Harvey,Illawarra Hawks,5.5,8.5,NA,Sportsbet,Brisbane Bullets,146,10605,16565819,610472484,2909398637,NA
Brisbane Bullets v Illawarra Hawks,Brisbane Bullets,Illawarra Hawks,Player Assists,Nate Hinton,Brisbane Bullets,5.5,8.25,NA,Sportsbet,Illawarra Hawks,146,10605,16565819,610472484,2909398632,NA
Cairns Taipans v Tasmania JackJumpers,Cairns Taipans,Tasmania JackJumpers,Player Assists,Nick Marshall,Tasmania JackJumpers,2.5,1.89,1.84,Sportsbet,Cairns Taipans,146,10605,16565510,610185848,2908151447,2908151448
Cairns Taipans v Tasmania JackJumpers,Cairns Taipans,Tasmania JackJumpers,Player Assists,Jaylon Brown,Cairns Taipans,4.5,1.85,1.88,Sportsbet,Tasmania JackJumpers,146,10605,16565510,610185851,2908151453,2908151454
Cairns Taipans v Tasmania JackJumpers,Cairns Taipans,Tasmania JackJumpers,Player Assists,Malique Lewis,Cairns Taipans,2.5,2.61,1.45,Sportsbet,Tasmania JackJumpers,146,10605,16565510,610185852,2908151455,2908151456
Cairns Taipans v Tasmania JackJumpers,Cairns Taipans,Tasmania JackJumpers,Player Assists,Taran Armstrong,Tasmania JackJumpers,5.5,1.67,2.11,Sportsbet,Cairns Taipans,146,10605,16565510,610185843,2908151437,2908151438
Cairns Taipans v Tasmania JackJumpers,Cairns Taipans,Tasmania JackJumpers,Player Assists,Jack McVeigh,Cairns Taipans,3.5,1.85,1.88,Sportsbet,Tasmania JackJumpers,146,10605,16565510,610185849,2908151449,2908151450
Cairns Taipans v Tasmania JackJumpers,Cairns Taipans,Tasmania JackJumpers,Player Assists,David Johnson,Tasmania JackJumpers,2.5,2,1.75,Sportsbet,Cairns Taipans,146,10605,16565510,610185844,2908151439,2908151440
