match,home_team,away_team,market_name,player_name,player_team,line,over_price,under_price,prop_id,under_prop_id,agency,opposition_team
Cairns Taipans v Tasmania JackJumpers,Cairns Taipans,Tasmania JackJumpers,Player Points,Dakota Mathias,Tasmania JackJumpers,9.5,1.4,NA,582042,NA,TAB,Cairns Taipans
Cairns Taipans v Tasmania JackJumpers,Cairns Taipans,Tasmania JackJumpers,Player Points,Dakota Mathias,Tasmania JackJumpers,14.5,2.25,NA,582058,NA,TAB,Cairns Taipans
Cairns Taipans v Tasmania JackJumpers,Cairns Taipans,Tasmania JackJumpers,Player Points,Dakota Mathias,Tasmania JackJumpers,19.5,5,NA,582074,NA,TAB,Cairns Taipans
Cairns Taipans v Tasmania JackJumpers,Cairns Taipans,Tasmania JackJumpers,Player Points,Dakota Mathias,Tasmania JackJumpers,4.5,1.05,NA,582026,NA,TAB,Cairns Taipans
Cairns Taipans v Tasmania JackJumpers,Cairns Taipans,Tasmania JackJumpers,Player Points,David Johnson,Tasmania JackJumpers,9.5,1.05,NA,582043,NA,TAB,Cairns Taipans
Cairns Taipans v Tasmania JackJumpers,Cairns Taipans,Tasmania JackJumpers,Player Points,David Johnson,Tasmania JackJumpers,14.5,1.35,NA,582059,NA,TAB,Cairns Taipans
Cairns Taipans v Tasmania JackJumpers,Cairns Taipans,Tasmania JackJumpers,Player Points,David Johnson,Tasmania JackJumpers,19.5,2.2,NA,582075,NA,TAB,Cairns Taipans
Cairns Taipans v Tasmania JackJumpers,Cairns Taipans,Tasmania JackJumpers,Player Points,David Johnson,Tasmania JackJumpers,24.5,4,NA,582091,NA,TAB,Cairns Taipans
Cairns Taipans v Tasmania JackJumpers,Cairns Taipans,Tasmania JackJumpers,Player Points,Jack McVeigh,Cairns Taipans,14.5,1.2,NA,582050,NA,TAB,Tasmania JackJumpers
Cairns Taipans v Tasmania JackJumpers,Cairns Taipans,Tasmania JackJumpers,Player Points,Jack McVeigh,Cairns Taipans,19.5,1.7,NA,582066,NA,TAB,Tasmania JackJumpers
Cairns Taipans v Tasmania JackJumpers,Cairns Taipans,Tasmania JackJumpers,Player Points,Jack McVeigh,Cairns Taipans,24.5,2.25,NA,582082,NA,TAB,Tasmania JackJumpers
Cairns Taipans v Tasmania JackJumpers,Cairns Taipans,Tasmania JackJumpers,Player Points,Jaylon Brown,Cairns Taipans,9.5,1.2,NA,582036,NA,TAB,Tasmania JackJumpers
Cairns Taipans v Tasmania JackJumpers,Cairns Taipans,Tasmania JackJumpers,Player Points,Jaylon Brown,Cairns Taipans,14.5,2.15,NA,582052,NA,TAB,Tasmania JackJumpers
Cairns Taipans v Tasmania JackJumpers,Cairns Taipans,Tasmania JackJumpers,Player Points,Jaylon Brown,Cairns Taipans,19.5,4,NA,582068,NA,TAB,Tasmania JackJumpers
Cairns Taipans v Tasmania JackJumpers,Cairns Taipans,Tasmania JackJumpers,Player Points,Keanu Pinder,Cairns Taipans,9.5,1.05,NA,582037,NA,TAB,Tasmania JackJumpers
Cairns Taipans v Tasmania JackJumpers,Cairns Taipans,Tasmania JackJumpers,Player Points,Keanu Pinder,Cairns Taipans,14.5,1.45,NA,582053,NA,TAB,Tasmania JackJumpers
Cairns Taipans v Tasmania JackJumpers,Cairns Taipans,Tasmania JackJumpers,Player Points,Keanu Pinder,Cairns Taipans,19.5,2.25,NA,582069,NA,TAB,Tasmania JackJumpers
Cairns Taipans v Tasmania JackJumpers,Cairns Taipans,Tasmania JackJumpers,Player Points,Kyrin Galloway,Cairns Taipans,9.5,3.15,NA,582038,NA,TAB,Tasmania JackJumpers
Cairns Taipans v Tasmania JackJumpers,Cairns Taipans,Tasmania JackJumpers,Player Points,Kyrin Galloway,Cairns Taipans,4.5,1.3,NA,582022,NA,TAB,Tasmania JackJumpers
Cairns Taipans v Tasmania JackJumpers,Cairns Taipans,Tasmania JackJumpers,Player Points,Malique Lewis,Cairns Taipans,9.5,1.4,NA,582039,NA,TAB,Tasmania JackJumpers
Cairns Taipans v Tasmania JackJumpers,Cairns Taipans,Tasmania JackJumpers,Player Points,Malique Lewis,Cairns Taipans,14.5,2.75,NA,582055,NA,TAB,Tasmania JackJumpers
Cairns Taipans v Tasmania JackJumpers,Cairns Taipans,Tasmania JackJumpers,Player Points,Nick Marshall,Tasmania JackJumpers,9.5,1.6,NA,582046,NA,TAB,Cairns Taipans
Cairns Taipans v Tasmania JackJumpers,Cairns Taipans,Tasmania JackJumpers,Player Points,Nick Marshall,Tasmania JackJumpers,14.5,3.5,NA,582062,NA,TAB,Cairns Taipans
Cairns Taipans v Tasmania JackJumpers,Cairns Taipans,Tasmania JackJumpers,Player Points,Nick Marshall,Tasmania JackJumpers,4.5,1.05,NA,582030,NA,TAB,Cairns Taipans
Cairns Taipans v Tasmania JackJumpers,Cairns Taipans,Tasmania JackJumpers,Player Points,Reyne Smith,Cairns Taipans,9.5,1.45,NA,582040,NA,TAB,Tasmania JackJumpers
Cairns Taipans v Tasmania JackJumpers,Cairns Taipans,Tasmania JackJumpers,Player Points,Reyne Smith,Cairns Taipans,14.5,3,NA,582056,NA,TAB,Tasmania JackJumpers
Cairns Taipans v Tasmania JackJumpers,Cairns Taipans,Tasmania JackJumpers,Player Points,Reyne Smith,Cairns Taipans,4.5,1.05,NA,582024,NA,TAB,Tasmania JackJumpers
Cairns Taipans v Tasmania JackJumpers,Cairns Taipans,Tasmania JackJumpers,Player Points,Taran Armstrong,Tasmania JackJumpers,14.5,1.2,NA,582063,NA,TAB,Cairns Taipans
Cairns Taipans v Tasmania JackJumpers,Cairns Taipans,Tasmania JackJumpers,Player Points,Taran Armstrong,Tasmania JackJumpers,19.5,2,NA,582079,NA,TAB,Cairns Taipans
Cairns Taipans v Tasmania JackJumpers,Cairns Taipans,Tasmania JackJumpers,Player Points,Taran Armstrong,Tasmania JackJumpers,24.5,3.75,NA,582095,NA,TAB,Cairns Taipans
Cairns Taipans v Tasmania JackJumpers,Cairns Taipans,Tasmania JackJumpers,Player Points,Will Magnay,Tasmania JackJumpers,9.5,1.55,NA,582048,NA,TAB,Cairns Taipans
Cairns Taipans v Tasmania JackJumpers,Cairns Taipans,Tasmania JackJumpers,Player Points,Will Magnay,Tasmania JackJumpers,14.5,3.5,NA,582064,NA,TAB,Cairns Taipans
Cairns Taipans v Tasmania JackJumpers,Cairns Taipans,Tasmania JackJumpers,Player Points,Will Magnay,Tasmania JackJumpers,19.5,10,NA,582080,NA,TAB,Cairns Taipans
Cairns Taipans v Tasmania JackJumpers,Cairns Taipans,Tasmania JackJumpers,Player Points,Will Magnay,Tasmania JackJumpers,4.5,1.05,NA,582032,NA,TAB,Cairns Taipans
Perth Wildcats v Adelaide 36ers,Perth Wildcats,Adelaide 36ers,Player Points,Angus Brandt,Perth Wildcats,9.5,2.15,NA,582874,NA,TAB,Adelaide 36ers
Perth Wildcats v Adelaide 36ers,Perth Wildcats,Adelaide 36ers,Player Points,Angus Brandt,Perth Wildcats,14.5,5,NA,582890,NA,TAB,Adelaide 36ers
Perth Wildcats v Adelaide 36ers,Perth Wildcats,Adelaide 36ers,Player Points,Angus Brandt,Perth Wildcats,4.5,1.1,NA,582858,NA,TAB,Adelaide 36ers
Perth Wildcats v Adelaide 36ers,Perth Wildcats,Adelaide 36ers,Player Points,Anthony Dell'Orso,Perth Wildcats,9.5,1.9,NA,582875,NA,TAB,Adelaide 36ers
Perth Wildcats v Adelaide 36ers,Perth Wildcats,Adelaide 36ers,Player Points,Anthony Dell'Orso,Perth Wildcats,14.5,4.5,NA,582891,NA,TAB,Adelaide 36ers
Perth Wildcats v Adelaide 36ers,Perth Wildcats,Adelaide 36ers,Player Points,Anthony Dell'Orso,Perth Wildcats,4.5,1.1,NA,582859,NA,TAB,Adelaide 36ers
Perth Wildcats v Adelaide 36ers,Perth Wildcats,Adelaide 36ers,Player Points,Bryce Cotton,Adelaide 36ers,19.5,1.08,NA,582914,NA,TAB,Perth Wildcats
Perth Wildcats v Adelaide 36ers,Perth Wildcats,Adelaide 36ers,Player Points,Bryce Cotton,Adelaide 36ers,24.5,1.4,NA,582930,NA,TAB,Perth Wildcats
Perth Wildcats v Adelaide 36ers,Perth Wildcats,Adelaide 36ers,Player Points,Bryce Cotton,Adelaide 36ers,29.5,2,NA,582946,NA,TAB,Perth Wildcats
Perth Wildcats v Adelaide 36ers,Perth Wildcats,Adelaide 36ers,Player Points,Dylan Windler,Perth Wildcats,9.5,1.4,NA,582876,NA,TAB,Adelaide 36ers
Perth Wildcats v Adelaide 36ers,Perth Wildcats,Adelaide 36ers,Player Points,Dylan Windler,Perth Wildcats,14.5,2.5,NA,582892,NA,TAB,Adelaide 36ers
Perth Wildcats v Adelaide 36ers,Perth Wildcats,Adelaide 36ers,Player Points,Dylan Windler,Perth Wildcats,19.5,6,NA,582908,NA,TAB,Adelaide 36ers
Perth Wildcats v Adelaide 36ers,Perth Wildcats,Adelaide 36ers,Player Points,Elijah Pepper,Perth Wildcats,9.5,1.15,NA,582877,NA,TAB,Adelaide 36ers
Perth Wildcats v Adelaide 36ers,Perth Wildcats,Adelaide 36ers,Player Points,Elijah Pepper,Perth Wildcats,14.5,1.65,NA,582893,NA,TAB,Adelaide 36ers
Perth Wildcats v Adelaide 36ers,Perth Wildcats,Adelaide 36ers,Player Points,Elijah Pepper,Perth Wildcats,19.5,3.5,NA,582909,NA,TAB,Adelaide 36ers
Perth Wildcats v Adelaide 36ers,Perth Wildcats,Adelaide 36ers,Player Points,Flynn Cameron,Adelaide 36ers,9.5,1.25,NA,582883,NA,TAB,Perth Wildcats
Perth Wildcats v Adelaide 36ers,Perth Wildcats,Adelaide 36ers,Player Points,Flynn Cameron,Adelaide 36ers,14.5,2.25,NA,582899,NA,TAB,Perth Wildcats
Perth Wildcats v Adelaide 36ers,Perth Wildcats,Adelaide 36ers,Player Points,Flynn Cameron,Adelaide 36ers,19.5,5.25,NA,582915,NA,TAB,Perth Wildcats
Perth Wildcats v Adelaide 36ers,Perth Wildcats,Adelaide 36ers,Player Points,Isaac White,Adelaide 36ers,9.5,2.4,NA,582884,NA,TAB,Perth Wildcats
Perth Wildcats v Adelaide 36ers,Perth Wildcats,Adelaide 36ers,Player Points,Isaac White,Adelaide 36ers,14.5,6.5,NA,582900,NA,TAB,Perth Wildcats
Perth Wildcats v Adelaide 36ers,Perth Wildcats,Adelaide 36ers,Player Points,Isaac White,Adelaide 36ers,4.5,1.2,NA,582868,NA,TAB,Perth Wildcats
Perth Wildcats v Adelaide 36ers,Perth Wildcats,Adelaide 36ers,Player Points,Jo Lual-Acuil Jr,Perth Wildcats,9.5,1.05,NA,582879,NA,TAB,Adelaide 36ers
Perth Wildcats v Adelaide 36ers,Perth Wildcats,Adelaide 36ers,Player Points,Jo Lual-Acuil Jr,Perth Wildcats,14.5,1.3,NA,582895,NA,TAB,Adelaide 36ers
Perth Wildcats v Adelaide 36ers,Perth Wildcats,Adelaide 36ers,Player Points,Jo Lual-Acuil Jr,Perth Wildcats,19.5,2.25,NA,582911,NA,TAB,Adelaide 36ers
Perth Wildcats v Adelaide 36ers,Perth Wildcats,Adelaide 36ers,Player Points,Jo Lual-Acuil Jr,Perth Wildcats,24.5,4.5,NA,582927,NA,TAB,Adelaide 36ers
Perth Wildcats v Adelaide 36ers,Perth Wildcats,Adelaide 36ers,Player Points,John Jenkins,Adelaide 36ers,9.5,1.3,NA,582885,NA,TAB,Perth Wildcats
Perth Wildcats v Adelaide 36ers,Perth Wildcats,Adelaide 36ers,Player Points,John Jenkins,Adelaide 36ers,14.5,2.4,NA,582901,NA,TAB,Perth Wildcats
Perth Wildcats v Adelaide 36ers,Perth Wildcats,Adelaide 36ers,Player Points,John Jenkins,Adelaide 36ers,19.5,5.5,NA,582917,NA,TAB,Perth Wildcats
Perth Wildcats v Adelaide 36ers,Perth Wildcats,Adelaide 36ers,Player Points,Kristian Doolittle,Perth Wildcats,9.5,1.05,NA,582880,NA,TAB,Adelaide 36ers
Perth Wildcats v Adelaide 36ers,Perth Wildcats,Adelaide 36ers,Player Points,Kristian Doolittle,Perth Wildcats,14.5,1.25,NA,582896,NA,TAB,Adelaide 36ers
Perth Wildcats v Adelaide 36ers,Perth Wildcats,Adelaide 36ers,Player Points,Kristian Doolittle,Perth Wildcats,19.5,2,NA,582912,NA,TAB,Adelaide 36ers
Perth Wildcats v Adelaide 36ers,Perth Wildcats,Adelaide 36ers,Player Points,Kristian Doolittle,Perth Wildcats,24.5,4,NA,582928,NA,TAB,Adelaide 36ers
Perth Wildcats v Adelaide 36ers,Perth Wildcats,Adelaide 36ers,Player Points,Nick Rakocevic,Adelaide 36ers,9.5,1.2,NA,582886,NA,TAB,Perth Wildcats
Perth Wildcats v Adelaide 36ers,Perth Wildcats,Adelaide 36ers,Player Points,Nick Rakocevic,Adelaide 36ers,14.5,2.1,NA,582902,NA,TAB,Perth Wildcats
Perth Wildcats v Adelaide 36ers,Perth Wildcats,Adelaide 36ers,Player Points,Nick Rakocevic,Adelaide 36ers,19.5,5,NA,582918,NA,TAB,Perth Wildcats
Perth Wildcats v Adelaide 36ers,Perth Wildcats,Adelaide 36ers,Player Points,Zylan Cheatham,Adelaide 36ers,9.5,1.15,NA,582887,NA,TAB,Perth Wildcats
Perth Wildcats v Adelaide 36ers,Perth Wildcats,Adelaide 36ers,Player Points,Zylan Cheatham,Adelaide 36ers,14.5,1.9,NA,582903,NA,TAB,Perth Wildcats
Perth Wildcats v Adelaide 36ers,Perth Wildcats,Adelaide 36ers,Player Points,Zylan Cheatham,Adelaide 36ers,19.5,4.75,NA,582919,NA,TAB,Perth Wildcats
South East Melbourne Phoenix v Melbourne United,South East Melbourne Phoenix,Melbourne United,Player Points,Angus Glover,South East Melbourne Phoenix,9.5,1.3,NA,582454,NA,TAB,Melbourne United
South East Melbourne Phoenix v Melbourne United,South East Melbourne Phoenix,Melbourne United,Player Points,Angus Glover,South East Melbourne Phoenix,14.5,2.15,NA,582470,NA,TAB,Melbourne United
South East Melbourne Phoenix v Melbourne United,South East Melbourne Phoenix,Melbourne United,Player Points,Angus Glover,South East Melbourne Phoenix,19.5,5,NA,582486,NA,TAB,Melbourne United
South East Melbourne Phoenix v Melbourne United,South East Melbourne Phoenix,Melbourne United,Player Points,Angus Glover,South East Melbourne Phoenix,4.5,1.05,NA,582438,NA,TAB,Melbourne United
South East Melbourne Phoenix v Melbourne United,South East Melbourne Phoenix,Melbourne United,Player Points,Chris Goulding,Melbourne United,9.5,1.45,NA,582462,NA,TAB,South East Melbourne Phoenix
South East Melbourne Phoenix v Melbourne United,South East Melbourne Phoenix,Melbourne United,Player Points,Chris Goulding,Melbourne United,14.5,2.75,NA,582478,NA,TAB,South East Melbourne Phoenix
South East Melbourne Phoenix v Melbourne United,South East Melbourne Phoenix,Melbourne United,Player Points,Chris Goulding,Melbourne United,19.5,7,NA,582494,NA,TAB,South East Melbourne Phoenix
South East Melbourne Phoenix v Melbourne United,South East Melbourne Phoenix,Melbourne United,Player Points,Chris Goulding,Melbourne United,4.5,1.05,NA,582446,NA,TAB,South East Melbourne Phoenix
South East Melbourne Phoenix v Melbourne United,South East Melbourne Phoenix,Melbourne United,Player Points,Cole Anthony,Melbourne United,14.5,1.05,NA,582479,NA,TAB,South East Melbourne Phoenix
South East Melbourne Phoenix v Melbourne United,South East Melbourne Phoenix,Melbourne United,Player Points,Cole Anthony,Melbourne United,19.5,1.3,NA,582495,NA,TAB,South East Melbourne Phoenix
South East Melbourne Phoenix v Melbourne United,South East Melbourne Phoenix,Melbourne United,Player Points,Cole Anthony,Melbourne United,24.5,1.9,NA,582511,NA,TAB,South East Melbourne Phoenix
South East Melbourne Phoenix v Melbourne United,South East Melbourne Phoenix,Melbourne United,Player Points,Cole Anthony,Melbourne United,29.5,4.8,NA,582527,NA,TAB,South East Melbourne Phoenix
South East Melbourne Phoenix v Melbourne United,South East Melbourne Phoenix,Melbourne United,Player Points,D'Shawn Schwartz,South East Melbourne Phoenix,9.5,1.35,NA,582456,NA,TAB,Melbourne United
South East Melbourne Phoenix v Melbourne United,South East Melbourne Phoenix,Melbourne United,Player Points,D'Shawn Schwartz,South East Melbourne Phoenix,14.5,2.5,NA,582472,NA,TAB,Melbourne United
South East Melbourne Phoenix v Melbourne United,South East Melbourne Phoenix,Melbourne United,Player Points,D'Shawn Schwartz,South East Melbourne Phoenix,19.5,6,NA,582488,NA,TAB,Melbourne United
South East Melbourne Phoenix v Melbourne United,South East Melbourne Phoenix,Melbourne United,Player Points,D'Shawn Schwartz,South East Melbourne Phoenix,4.5,1.05,NA,582440,NA,TAB,Melbourne United
South East Melbourne Phoenix v Melbourne United,South East Melbourne Phoenix,Melbourne United,Player Points,Dash Daniels,South East Melbourne Phoenix,9.5,1.25,NA,582455,NA,TAB,Melbourne United
South East Melbourne Phoenix v Melbourne United,South East Melbourne Phoenix,Melbourne United,Player Points,Dash Daniels,South East Melbourne Phoenix,14.5,2,NA,582471,NA,TAB,Melbourne United
South East Melbourne Phoenix v Melbourne United,South East Melbourne Phoenix,Melbourne United,Player Points,Dash Daniels,South East Melbourne Phoenix,19.5,5,NA,582487,NA,TAB,Melbourne United
South East Melbourne Phoenix v Melbourne United,South East Melbourne Phoenix,Melbourne United,Player Points,Dash Daniels,South East Melbourne Phoenix,4.5,1.05,NA,582439,NA,TAB,Melbourne United
South East Melbourne Phoenix v Melbourne United,South East Melbourne Phoenix,Melbourne United,Player Points,Joe Ingles,Melbourne United,9.5,1.5,NA,582464,NA,TAB,South East Melbourne Phoenix
South East Melbourne Phoenix v Melbourne United,South East Melbourne Phoenix,Melbourne United,Player Points,Joe Ingles,Melbourne United,14.5,3.25,NA,582480,NA,TAB,South East Melbourne Phoenix
South East Melbourne Phoenix v Melbourne United,South East Melbourne Phoenix,Melbourne United,Player Points,Joe Ingles,Melbourne United,19.5,9,NA,582496,NA,TAB,South East Melbourne Phoenix
South East Melbourne Phoenix v Melbourne United,South East Melbourne Phoenix,Melbourne United,Player Points,Joe Ingles,Melbourne United,4.5,1.05,NA,582448,NA,TAB,South East Melbourne Phoenix
South East Melbourne Phoenix v Melbourne United,South East Melbourne Phoenix,Melbourne United,Player Points,Jordan Hunter,South East Melbourne Phoenix,9.5,1.9,NA,582457,NA,TAB,Melbourne United
South East Melbourne Phoenix v Melbourne United,South East Melbourne Phoenix,Melbourne United,Player Points,Jordan Hunter,South East Melbourne Phoenix,14.5,4.75,NA,582473,NA,TAB,Melbourne United
South East Melbourne Phoenix v Melbourne United,South East Melbourne Phoenix,Melbourne United,Player Points,Jordan Hunter,South East Melbourne Phoenix,4.5,1.15,NA,582441,NA,TAB,Melbourne United
South East Melbourne Phoenix v Melbourne United,South East Melbourne Phoenix,Melbourne United,Player Points,Josh Oduro,Melbourne United,9.5,1.25,NA,582465,NA,TAB,South East Melbourne Phoenix
South East Melbourne Phoenix v Melbourne United,South East Melbourne Phoenix,Melbourne United,Player Points,Josh Oduro,Melbourne United,14.5,2.15,NA,582481,NA,TAB,South East Melbourne Phoenix
South East Melbourne Phoenix v Melbourne United,South East Melbourne Phoenix,Melbourne United,Player Points,Josh Oduro,Melbourne United,19.5,5.5,NA,582497,NA,TAB,South East Melbourne Phoenix
South East Melbourne Phoenix v Melbourne United,South East Melbourne Phoenix,Melbourne United,Player Points,Luke Travers,Melbourne United,9.5,1.2,NA,582466,NA,TAB,South East Melbourne Phoenix
South East Melbourne Phoenix v Melbourne United,South East Melbourne Phoenix,Melbourne United,Player Points,Luke Travers,Melbourne United,14.5,2,NA,582482,NA,TAB,South East Melbourne Phoenix
South East Melbourne Phoenix v Melbourne United,South East Melbourne Phoenix,Melbourne United,Player Points,Luke Travers,Melbourne United,19.5,4.5,NA,582498,NA,TAB,South East Melbourne Phoenix
South East Melbourne Phoenix v Melbourne United,South East Melbourne Phoenix,Melbourne United,Player Points,Nathan Sobey,South East Melbourne Phoenix,9.5,1.05,NA,582458,NA,TAB,Melbourne United
South East Melbourne Phoenix v Melbourne United,South East Melbourne Phoenix,Melbourne United,Player Points,Nathan Sobey,South East Melbourne Phoenix,14.5,1.35,NA,582474,NA,TAB,Melbourne United
South East Melbourne Phoenix v Melbourne United,South East Melbourne Phoenix,Melbourne United,Player Points,Nathan Sobey,South East Melbourne Phoenix,19.5,2.15,NA,582490,NA,TAB,Melbourne United
South East Melbourne Phoenix v Melbourne United,South East Melbourne Phoenix,Melbourne United,Player Points,Nathan Sobey,South East Melbourne Phoenix,24.5,4,NA,582506,NA,TAB,Melbourne United
South East Melbourne Phoenix v Melbourne United,South East Melbourne Phoenix,Melbourne United,Player Points,Sam Waardenburg,Melbourne United,9.5,1.7,NA,582467,NA,TAB,South East Melbourne Phoenix
South East Melbourne Phoenix v Melbourne United,South East Melbourne Phoenix,Melbourne United,Player Points,Sam Waardenburg,Melbourne United,14.5,4,NA,582483,NA,TAB,South East Melbourne Phoenix
South East Melbourne Phoenix v Melbourne United,South East Melbourne Phoenix,Melbourne United,Player Points,Sam Waardenburg,Melbourne United,4.5,1.1,NA,582451,NA,TAB,South East Melbourne Phoenix
South East Melbourne Phoenix v Melbourne United,South East Melbourne Phoenix,Melbourne United,Player Points,Skylar Mays,South East Melbourne Phoenix,9.5,1.05,NA,582459,NA,TAB,Melbourne United
South East Melbourne Phoenix v Melbourne United,South East Melbourne Phoenix,Melbourne United,Player Points,Skylar Mays,South East Melbourne Phoenix,14.5,1.45,NA,582475,NA,TAB,Melbourne United
South East Melbourne Phoenix v Melbourne United,South East Melbourne Phoenix,Melbourne United,Player Points,Skylar Mays,South East Melbourne Phoenix,19.5,2.5,NA,582491,NA,TAB,Melbourne United
South East Melbourne Phoenix v Melbourne United,South East Melbourne Phoenix,Melbourne United,Player Points,Skylar Mays,South East Melbourne Phoenix,24.5,5,NA,582507,NA,TAB,Melbourne United
South East Melbourne Phoenix v Melbourne United,South East Melbourne Phoenix,Melbourne United,Player Points,Tanner Krebs,South East Melbourne Phoenix,9.5,1.9,NA,582460,NA,TAB,Melbourne United
South East Melbourne Phoenix v Melbourne United,South East Melbourne Phoenix,Melbourne United,Player Points,Tanner Krebs,South East Melbourne Phoenix,14.5,4.7,NA,582476,NA,TAB,Melbourne United
South East Melbourne Phoenix v Melbourne United,South East Melbourne Phoenix,Melbourne United,Player Points,Tanner Krebs,South East Melbourne Phoenix,4.5,1.1,NA,582444,NA,TAB,Melbourne United
